fecha_busqueda,ruta,fecha_vuelo,dias_anticipacion,aerolinea,tarifa,precio,moneda,incluye_tasas,total_con_tasas,disponible,hora_salida,hora_llegada,escalas,aeropuertos_escala,duracion_total_min,conexion_min,horas_vuelo_min,operador,numero_vuelo,fuente,nota
2026-10-03,BUE_MIA,2026-10-04,1,copa,,681,USD,si,681,si,8:59,19:53,1,PTY,714,78,636,,,google_flights,
2026-10-03,BUE_MIA,2026-10-04,1,latam,,484,USD,si,484,si,2:15,17:35,1,GRU,980,310,670,"Latam Airlines Brasil, Latam Airlines Brasil",,google_flights,
2026-10-03,BUE_MIA,2026-10-05,2,copa,,643,USD,si,643,si,3:50,22:48,1,PTY,1198,562,636,,,google_flights,
2026-10-03,BUE_MIA,2026-10-05,2,latam,,484,USD,si,484,si,15:45,7:40,1,SCL,1015,342,673,"Latam Airlines Group, Latam Airlines Group",,google_flights,
2026-10-03,BUE_MIA,2026-10-06,3,copa,,643,USD,si,643,si,3:48,22:48,1,PTY,1200,564,636,,,google_flights,
2026-10-03,BUE_MIA,2026-10-06,3,latam,,484,USD,si,484,si,3:55,15:10,1,LIM,735,90,645,"Latam Airlines Peru, Latam Airlines Peru",,google_flights,
2026-10-03,BUE_MIA,2026-10-07,4,copa,,,USD,,,,,,,,,,,,,google_flights,ERROR: la lista de vuelos de Google Flights vino vacía
2026-10-03,BUE_MIA,2026-10-07,4,latam,,,USD,,,,,,,,,,,,,google_flights,ERROR: la lista de vuelos de Google Flights vino vacía
2026-10-03,BUE_MIA,2026-10-08,5,copa,,643,USD,si,643,si,5:25,1:47,1,PTY,1282,646,636,,,google_flights,
2026-10-03,BUE_MIA,2026-10-08,5,latam,,646,USD,si,646,si,3:55,15:10,1,LIM,735,90,645,"Latam Airlines Peru, Latam Airlines Peru",,google_flights,
2026-10-03,BUE_MIA,2026-10-09,6,copa,,643,USD,si,643,si,14:49,1:47,1,PTY,718,83,635,,,google_flights,
2026-10-03,BUE_MIA,2026-10-09,6,latam,,719,USD,si,719,si,2:15,17:35,1,GRU,980,315,665,"Latam Airlines Brasil, Latam Airlines Brasil",,google_flights,
2026-10-03,BUE_MIA,2026-10-10,7,copa,,636,USD,si,636,si,3:48,22:29,1,PTY,1181,545,636,,,google_flights,
2026-10-03,BUE_MIA,2026-10-10,7,latam,,686,USD,si,686,si,21:45,17:35,1,GRU,1250,580,670,"Latam Airlines Brasil, Latam Airlines Brasil",,google_flights,
2026-10-03,BUE_MIA,2026-10-11,8,copa,,636,USD,si,636,si,5:25,22:29,1,PTY,1084,448,636,,,google_flights,
2026-10-03,BUE_MIA,2026-10-11,8,latam,,719,USD,si,719,si,21:00,18:10,1,SCL,1330,655,675,"Latam Airlines Group, Latam Airlines Group",,google_flights,
2026-10-03,BUE_MIA,2026-10-12,9,copa,,597,USD,si,597,si,14:49,1:47,1,PTY,718,83,635,,,google_flights,
2026-10-03,BUE_MIA,2026-10-12,9,latam,,,USD,,,no,,,,,,,,,,google_flights,"LATAM no aparece como vendedor en sus 2 vuelo(s) más barato(s) (vendían: Delta, Travomint)"
2026-10-03,BUE_MIA,2026-10-13,10,copa,,597,USD,si,597,si,3:48,19:53,1,PTY,1025,389,636,,,google_flights,
2026-10-03,BUE_MIA,2026-10-13,10,latam,,484,USD,si,484,si,12:15,7:40,1,SCL,1225,565,660,"Latam Airlines Group, Latam Airlines Group",,google_flights,
2026-10-03,BUE_MIA,2026-10-14,11,copa,,597,USD,si,597,si,0:10,12:15,1,PTY,785,149,636,,,google_flights,
2026-10-03,BUE_MIA,2026-10-14,11,latam,,646,USD,si,646,si,2:15,17:35,1,GRU,980,315,665,"Latam Airlines Brasil, Latam Airlines Brasil",,google_flights,
2026-10-03,BUE_MIA,2026-10-15,12,copa,,597,USD,si,597,si,14:49,1:47,1,PTY,718,83,635,,,google_flights,
2026-10-03,BUE_MIA,2026-10-15,12,latam,,576,USD,si,576,si,18:20,7:00,1,GRU,820,145,675,"Latam Airlines Brasil, Latam Airlines Brasil",,google_flights,
2026-10-03,BUE_MIA,2026-10-16,13,copa,,597,USD,si,597,si,4:15,22:29,1,PTY,1154,518,636,,,google_flights,
2026-10-03,BUE_MIA,2026-10-16,13,latam,,,USD,,,no,,,,,,,,,,google_flights,"LATAM no aparece como vendedor en sus 2 vuelo(s) más barato(s) (vendían: Delta, Travomint)"
2026-10-03,BUE_MIA,2026-10-17,14,copa,,,USD,,,,,,,,,,,,,google_flights,ERROR: la lista de vuelos de Google Flights vino vacía
2026-10-03,BUE_MIA,2026-10-17,14,latam,,,USD,,,,,,,,,,,,,google_flights,ERROR: la lista de vuelos de Google Flights vino vacía
2026-10-03,BUE_MIA,2026-10-18,15,copa,,597,USD,si,597,si,4:15,14:39,1,PTY,684,48,636,,,google_flights,
2026-10-03,BUE_MIA,2026-10-18,15,latam,,459,USD,si,459,si,16:45,7:00,1,GRU,915,240,675,"Latam Airlines Brasil, Latam Airlines Brasil",,google_flights,
2026-10-03,BUE_MIA,2026-10-19,16,copa,,597,USD,si,597,si,3:48,14:39,1,PTY,711,75,636,,,google_flights,
2026-10-03,BUE_MIA,2026-10-19,16,latam,,,USD,,,no,,,,,,,,,,google_flights,"LATAM no aparece como vendedor en sus 2 vuelo(s) más barato(s) (vendían: Delta, Travomint)"
2026-10-03,BUE_MIA,2026-10-20,17,copa,,597,USD,si,597,si,3:48,14:39,1,PTY,711,75,636,,,google_flights,
2026-10-03,BUE_MIA,2026-10-20,17,latam,,447,USD,si,447,si,2:15,20:20,1,GRU,1145,485,660,"Latam Airlines Brasil, Latam Airlines Brasil",,google_flights,
2026-10-03,BUE_MIA,2026-10-21,18,copa,,597,USD,si,597,si,0:10,12:15,1,PTY,785,149,636,,,google_flights,
2026-10-03,BUE_MIA,2026-10-21,18,latam,,429,USD,si,429,si,21:00,8:25,1,SCL,745,70,675,"Latam Airlines Group, Latam Airlines Group",,google_flights,
2026-10-03,BUE_MIA,2026-10-22,19,copa,,597,USD,si,597,si,3:48,14:39,1,PTY,711,75,636,,,google_flights,
2026-10-03,BUE_MIA,2026-10-22,19,latam,,429,USD,si,429,si,3:55,15:10,1,LIM,735,90,645,"Latam Airlines Peru, Latam Airlines Peru",,google_flights,
2026-10-03,BUE_MIA,2026-10-23,20,copa,,597,USD,si,597,si,3:48,14:39,1,PTY,711,75,636,,,google_flights,
2026-10-03,BUE_MIA,2026-10-23,20,latam,,465,USD,si,465,si,2:15,20:20,1,GRU,1145,485,660,"Latam Airlines Brasil, Latam Airlines Brasil",,google_flights,
2026-10-03,BUE_MIA,2026-10-24,21,copa,,597,USD,si,597,si,4:15,19:53,1,PTY,998,362,636,,,google_flights,
2026-10-03,BUE_MIA,2026-10-24,21,latam,,484,USD,si,484,si,2:15,17:35,1,GRU,980,310,670,"Latam Airlines Brasil, Latam Airlines Brasil",,google_flights,
2026-10-03,BUE_MIA,2026-10-25,22,copa,,,USD,,,no,,,,,,,,,,google_flights,Copa no tiene vuelos propios con precio en Google Flights (con 1 escala)
2026-10-03,BUE_MIA,2026-10-25,22,latam,,660,USD,si,660,si,21:45,17:40,1,GRU,1255,590,665,"Latam Airlines Brasil, Latam Airlines Brasil",,google_flights,
2026-10-03,BUE_MIA,2026-10-26,23,copa,,,USD,,,no,,,,,,,,,,google_flights,Copa no tiene vuelos propios con precio en Google Flights (con 1 escala)
2026-10-03,BUE_MIA,2026-10-26,23,latam,,429,USD,si,429,si,19:35,17:25,1,SCL,1370,714,656,"Latam Airlines Group, Latam Airlines Group",,google_flights,
2026-10-03,BUE_MIA,2026-10-27,24,copa,,,USD,,,no,,,,,,,,,,google_flights,Copa no tiene vuelos propios con precio en Google Flights (con 1 escala)
2026-10-03,BUE_MIA,2026-10-27,24,latam,,516,USD,si,516,si,20:05,15:15,1,LIM,1210,565,645,"Latam Airlines Peru, Latam Airlines Peru",,google_flights,
2026-10-03,BUE_MIA,2026-10-28,25,copa,,,USD,,,no,,,,,,,,,,google_flights,Copa no tiene vuelos propios con precio en Google Flights (con 1 escala)
2026-10-03,BUE_MIA,2026-10-28,25,latam,,516,USD,si,516,si,8:40,20:25,1,LIM,765,120,645,"Latam Airlines Peru, Latam Airlines Peru",,google_flights,
2026-10-03,BUE_MIA,2026-10-29,26,copa,,,USD,,,,,,,,,,,,,google_flights,ERROR: la lista de vuelos de Google Flights vino vacía
2026-10-03,BUE_MIA,2026-10-29,26,latam,,,USD,,,,,,,,,,,,,google_flights,ERROR: la lista de vuelos de Google Flights vino vacía
2026-10-03,BUE_MIA,2026-10-30,27,copa,,,USD,,,no,,,,,,,,,,google_flights,Copa no tiene vuelos propios con precio en Google Flights (con 1 escala)
2026-10-03,BUE_MIA,2026-10-30,27,latam,,719,USD,si,719,si,2:05,17:40,1,GRU,995,325,670,"Latam Airlines Brasil, Latam Airlines Brasil",,google_flights,
2026-10-03,BUE_MIA,2026-10-31,28,copa,,,USD,,,no,,,,,,,,,,google_flights,Copa no tiene vuelos propios con precio en Google Flights (con 1 escala)
2026-10-03,BUE_MIA,2026-10-31,28,latam,,651,USD,si,651,si,20:05,6:10,1,LIM,725,80,645,"Latam Airlines Peru, Latam Airlines Peru",,google_flights,
2026-10-03,BUE_MIA,2026-11-01,29,copa,,,USD,,,no,,,,,,,,,,google_flights,Copa no tiene vuelos propios con precio en Google Flights (con 1 escala)
2026-10-03,BUE_MIA,2026-11-01,29,latam,,595,USD,si,595,si,2:05,16:40,1,GRU,995,320,675,"Latam Airlines Brasil, Latam Airlines Brasil",,google_flights,
2026-10-03,BUE_MIA,2026-11-02,30,copa,,,USD,,,no,,,,,,,,,,google_flights,Copa no tiene vuelos propios con precio en Google Flights (con 1 escala)
2026-10-03,BUE_MIA,2026-11-02,30,latam,,485,USD,si,485,si,20:05,6:10,1,LIM,725,80,645,"Latam Airlines Peru, Latam Airlines Peru",,google_flights,
2026-10-03,BUE_MIA,2026-12-02,60,copa,,631,USD,si,631,si,0:05,11:25,1,PTY,800,166,634,,,google_flights,
2026-10-03,BUE_MIA,2026-12-02,60,latam,,484,USD,si,484,si,8:40,19:25,1,LIM,765,120,645,"Latam Airlines Peru, Latam Airlines Peru",,google_flights,
2026-10-03,MIA_BUE,2026-10-04,1,copa,,,USD,,,no,,,,,,,,,,google_flights,"Copa no aparece como vendedor en sus 2 vuelo(s) más barato(s) (vendían: AranGrant, Ovago)"
2026-10-03,MIA_BUE,2026-10-04,1,latam,,667,USD,si,667,si,19:40,10:30,1,GRU,830,145,685,"Latam Airlines Brasil, Latam Airlines Brasil",,google_flights,
2026-10-03,MIA_BUE,2026-10-05,2,copa,,,USD,,,no,,,,,,,,,,google_flights,"Copa no aparece como vendedor en sus 2 vuelo(s) más barato(s) (vendían: AranGrant, Ovago)"
2026-10-03,MIA_BUE,2026-10-05,2,latam,,676,USD,si,676,si,16:55,8:30,1,LIM,875,265,610,"Latam Airlines Peru, Latam Airlines Peru",,google_flights,
2026-10-03,MIA_BUE,2026-10-06,3,copa,,697,USD,si,697,si,14:01,2:30,1,PTY,689,73,616,,,google_flights,
2026-10-03,MIA_BUE,2026-10-06,3,latam,,646,USD,si,646,si,17:10,6:10,1,LIM,720,105,615,"Latam Airlines Peru, Latam Airlines Peru",,google_flights,
2026-10-03,MIA_BUE,2026-10-07,4,copa,,697,USD,si,697,si,14:01,2:30,1,PTY,689,73,616,,,google_flights,
2026-10-03,MIA_BUE,2026-10-07,4,latam,,696,USD,si,696,si,10:50,9:25,1,GRU,1295,620,675,"Latam Airlines Brasil, Latam Airlines Brasil",,google_flights,
2026-10-03,MIA_BUE,2026-10-08,5,copa,,697,USD,si,697,si,5:57,2:30,1,PTY,1173,553,620,,,google_flights,
2026-10-03,MIA_BUE,2026-10-08,5,latam,,651,USD,si,651,si,19:40,10:30,1,GRU,830,140,690,"Latam Airlines Brasil, Latam Airlines Brasil",,google_flights,
2026-10-03,MIA_BUE,2026-10-09,6,copa,,697,USD,si,697,si,14:01,2:30,1,PTY,689,73,616,,,google_flights,
2026-10-03,MIA_BUE,2026-10-09,6,latam,,707,USD,si,707,si,0:15,18:30,1,LIM,1035,420,615,"Latam Airlines Peru, Latam Airlines Peru",,google_flights,
2026-10-03,MIA_BUE,2026-10-10,7,copa,,408,USD,si,408,si,12:25,2:30,1,PTY,785,169,616,,,google_flights,
2026-10-03,MIA_BUE,2026-10-10,7,latam,,,USD,,,no,,,,,,,,,,google_flights,"LATAM no aparece como vendedor en sus 2 vuelo(s) más barato(s) (vendían: Delta, FlightHub, OneTravel, Justfly.com, Ovago)"
2026-10-03,MIA_BUE,2026-10-11,8,copa,,745,USD,si,745,si,12:25,0:51,1,PTY,686,70,616,,,google_flights,
2026-10-03,MIA_BUE,2026-10-11,8,latam,,,USD,,,no,,,,,,,,,,google_flights,"LATAM no aparece como vendedor en sus 2 vuelo(s) más barato(s) (vendían: Delta, FlightHub, OneTravel, Justfly.com, Ovago)"
2026-10-03,MIA_BUE,2026-10-12,9,copa,,697,USD,si,697,si,14:01,2:30,1,PTY,689,73,616,,,google_flights,
2026-10-03,MIA_BUE,2026-10-12,9,latam,,669,USD,si,669,si,10:50,9:40,1,GRU,1310,635,675,"Latam Airlines Brasil, Latam Airlines Brasil",,google_flights,
2026-10-03,MIA_BUE,2026-10-13,10,copa,,697,USD,si,697,si,14:01,4:21,1,PTY,800,184,616,,,google_flights,
2026-10-03,MIA_BUE,2026-10-13,10,latam,,544,USD,si,544,si,10:50,10:30,1,GRU,1360,685,675,"Latam Airlines Brasil, Latam Airlines Brasil",,google_flights,
2026-10-03,MIA_BUE,2026-10-14,11,copa,,697,USD,si,697,si,14:01,2:30,1,PTY,689,73,616,,,google_flights,
2026-10-03,MIA_BUE,2026-10-14,11,latam,,566,USD,si,566,si,19:40,15:45,1,GRU,1145,455,690,"Latam Airlines Brasil, Latam Airlines Brasil",,google_flights,
2026-10-03,MIA_BUE,2026-10-15,12,copa,,760,USD,si,760,si,17:14,7:57,1,PTY,823,206,617,,,google_flights,
2026-10-03,MIA_BUE,2026-10-15,12,latam,,464,USD,si,464,si,10:50,1:05,1,GRU,795,120,675,"Latam Airlines Brasil, Latam Airlines Brasil",,google_flights,
2026-10-03,MIA_BUE,2026-10-16,13,copa,,,USD,,,no,,,,,,,,,,google_flights,"Copa no aparece como vendedor en sus 2 vuelo(s) más barato(s) (vendían: AranGrant, Ovago)"
2026-10-03,MIA_BUE,2026-10-16,13,latam,,544,USD,si,544,si,10:50,1:05,1,GRU,795,120,675,"Latam Airlines Brasil, Latam Airlines Brasil",,google_flights,
2026-10-03,MIA_BUE,2026-10-17,14,copa,,745,USD,si,745,si,14:01,4:36,1,PTY,815,199,616,,,google_flights,
2026-10-03,MIA_BUE,2026-10-17,14,latam,,,USD,,,no,,,,,,,,,,google_flights,"LATAM no aparece como vendedor en sus 2 vuelo(s) más barato(s) (vendían: Delta, AranGrant, FlightHub, OneTravel, Justfly.com)"
2026-10-03,MIA_BUE,2026-10-18,15,copa,,473,USD,si,473,si,8:25,0:51,1,PTY,926,306,620,,,google_flights,
2026-10-03,MIA_BUE,2026-10-18,15,latam,,,USD,,,no,,,,,,,,,,google_flights,"LATAM no aparece como vendedor en sus 2 vuelo(s) más barato(s) (vendían: Delta, FlightHub, OneTravel, Justfly.com, Ovago, AranGrant)"
2026-10-03,MIA_BUE,2026-10-19,16,copa,,697,USD,si,697,si,14:01,4:21,1,PTY,800,184,616,,,google_flights,
2026-10-03,MIA_BUE,2026-10-19,16,latam,,578,USD,si,578,si,10:50,1:05,1,GRU,795,120,675,"Latam Airlines Brasil, Latam Airlines Brasil",,google_flights,
2026-10-03,MIA_BUE,2026-10-20,17,copa,,380,USD,si,380,si,15:11,4:21,1,PTY,730,113,617,,,google_flights,
2026-10-03,MIA_BUE,2026-10-20,17,latam,,384,USD,si,384,si,19:40,15:45,1,GRU,1145,460,685,"Latam Airlines Brasil, Latam Airlines Brasil",,google_flights,
2026-10-03,MIA_BUE,2026-10-21,18,copa,,380,USD,si,380,si,14:01,2:30,1,PTY,689,73,616,,,google_flights,
2026-10-03,MIA_BUE,2026-10-21,18,latam,,511,USD,si,511,si,19:40,15:45,1,GRU,1145,460,685,"Latam Airlines Brasil, Latam Airlines Brasil",,google_flights,
2026-10-03,MIA_BUE,2026-10-22,19,copa,,380,USD,si,380,si,14:01,2:30,1,PTY,689,73,616,,,google_flights,
2026-10-03,MIA_BUE,2026-10-22,19,latam,,614,USD,si,614,si,17:10,8:30,1,LIM,860,245,615,"Latam Airlines Peru, Latam Airlines Peru",,google_flights,
2026-10-03,MIA_BUE,2026-10-23,20,copa,,380,USD,si,380,si,14:01,2:30,1,PTY,689,73,616,,,google_flights,
2026-10-03,MIA_BUE,2026-10-23,20,latam,,614,USD,si,614,si,10:50,1:05,1,GRU,795,120,675,"Latam Airlines Brasil, Latam Airlines Brasil",,google_flights,
2026-10-03,MIA_BUE,2026-10-24,21,copa,,,USD,,,no,,,,,,,,,,google_flights,"Copa no aparece como vendedor en sus 2 vuelo(s) más barato(s) (vendían: AranGrant, Ovago)"
2026-10-03,MIA_BUE,2026-10-24,21,latam,,419,USD,si,419,si,17:10,8:30,1,LIM,860,245,615,"Latam Airlines Peru, Latam Airlines Peru",,google_flights,
2026-10-03,MIA_BUE,2026-10-25,22,copa,,408,USD,si,408,si,5:40,1:11,1,PTY,1111,508,603,,,google_flights,
2026-10-03,MIA_BUE,2026-10-25,22,latam,,541,USD,si,541,si,20:10,19:40,1,SCL,1350,715,635,"Latam Airlines Group, Latam Airlines Group",,google_flights,
2026-10-03,MIA_BUE,2026-10-26,23,copa,,697,USD,si,697,si,18:23,6:20,1,PTY,657,57,600,,,google_flights,
2026-10-03,MIA_BUE,2026-10-26,23,latam,,544,USD,si,544,si,17:05,8:30,1,LIM,865,250,615,"Latam Airlines Peru, Latam Airlines Peru",,google_flights,
2026-10-03,MIA_BUE,2026-10-27,24,copa,,380,USD,si,380,si,15:05,3:16,1,PTY,671,71,600,,,google_flights,
2026-10-03,MIA_BUE,2026-10-27,24,latam,,379,USD,si,379,si,19:40,18:35,1,SCL,1315,688,627,"Latam Airlines Group, Latam Airlines Group",,google_flights,
2026-10-03,MIA_BUE,2026-10-28,25,copa,,408,USD,si,408,si,12:25,0:07,1,PTY,642,43,599,,,google_flights,
2026-10-03,MIA_BUE,2026-10-28,25,latam,,419,USD,si,419,si,0:10,18:30,1,LIM,1040,430,610,"Latam Airlines Peru, Latam Airlines Peru",,google_flights,
2026-10-03,MIA_BUE,2026-10-29,26,copa,,697,USD,si,697,si,13:56,3:16,1,PTY,740,141,599,,,google_flights,
2026-10-03,MIA_BUE,2026-10-29,26,latam,,614,USD,si,614,si,0:10,18:30,1,LIM,1040,430,610,"Latam Airlines Peru, Latam Airlines Peru",,google_flights,
2026-10-03,MIA_BUE,2026-10-30,27,copa,,697,USD,si,697,si,15:05,3:16,1,PTY,671,71,600,,,google_flights,
2026-10-03,MIA_BUE,2026-10-30,27,latam,,614,USD,si,614,si,23:30,20:00,1,GRU,1170,495,675,"Latam Airlines Brasil, Latam Airlines Brasil",,google_flights,
2026-10-03,MIA_BUE,2026-10-31,28,copa,,408,USD,si,408,si,5:40,3:16,1,PTY,1236,633,603,,,google_flights,
2026-10-03,MIA_BUE,2026-10-31,28,latam,,614,USD,si,614,si,0:10,18:30,1,LIM,1040,430,610,"Latam Airlines Peru, Latam Airlines Peru",,google_flights,
2026-10-03,MIA_BUE,2026-11-01,29,copa,,,USD,,,no,,,,,,,,,,google_flights,"Copa no aparece como vendedor en sus 2 vuelo(s) más barato(s) (vendían: AranGrant, Ovago)"
2026-10-03,MIA_BUE,2026-11-01,29,latam,,695,USD,si,695,si,0:10,16:00,1,LIM,890,275,615,"Latam Airlines Peru, Latam Airlines Peru",,google_flights,
2026-10-03,MIA_BUE,2026-11-02,30,copa,,745,USD,si,745,si,11:21,0:07,1,PTY,646,43,603,,,google_flights,
2026-10-03,MIA_BUE,2026-11-02,30,latam,,696,USD,si,696,si,16:45,8:30,1,LIM,825,215,610,"Latam Airlines Peru, Latam Airlines Peru",,google_flights,
2026-10-03,MIA_BUE,2026-12-02,60,copa,,473,USD,si,473,si,11:19,0:52,1,PTY,693,70,623,,,google_flights,
2026-10-03,MIA_BUE,2026-12-02,60,latam,,270,USD,si,270,si,19:10,10:40,1,SCL,810,180,630,"Latam Airlines Group, Latam Airlines Group",,google_flights,
2026-10-04,BUE_MIA,2026-10-05,1,copa,,643,USD,si,643,si,4:15,1:47,1,PTY,1352,716,636,,,google_flights,
2026-10-04,BUE_MIA,2026-10-05,1,latam,,484,USD,si,484,si,2:15,17:35,1,GRU,980,310,670,"Latam Airlines Brasil, Latam Airlines Brasil",,google_flights,
2026-10-04,BUE_MIA,2026-10-06,2,copa,,643,USD,si,643,si,3:48,22:48,1,PTY,1200,564,636,,,google_flights,
2026-10-04,BUE_MIA,2026-10-06,2,latam,,484,USD,si,484,si,3:55,20:25,1,LIM,1050,405,645,"Latam Airlines Peru, Latam Airlines Peru",,google_flights,
2026-10-04,BUE_MIA,2026-10-07,3,copa,,643,USD,si,643,si,2:17,22:48,1,PTY,1291,655,636,,,google_flights,
2026-10-04,BUE_MIA,2026-10-07,3,latam,,646,USD,si,646,si,20:05,15:10,1,LIM,1205,555,650,"Latam Airlines Peru, Latam Airlines Peru",,google_flights,
2026-10-04,BUE_MIA,2026-10-08,4,copa,,643,USD,si,643,si,5:25,1:47,1,PTY,1282,646,636,,,google_flights,
2026-10-04,BUE_MIA,2026-10-08,4,latam,,723,USD,si,723,si,21:45,17:35,1,GRU,1250,585,665,"Latam Airlines Brasil, Latam Airlines Brasil",,google_flights,
2026-10-04,BUE_MIA,2026-10-09,5,copa,,643,USD,si,643,si,8:59,1:47,1,PTY,1068,432,636,,,google_flights,
2026-10-04,BUE_MIA,2026-10-09,5,latam,,,USD,,,no,,,,,,,,,,google_flights,"LATAM no aparece como vendedor en sus 2 vuelo(s) más barato(s) (vendían: Delta, Travomint)"
2026-10-04,BUE_MIA,2026-10-10,6,copa,,681,USD,si,681,si,5:25,22:48,1,PTY,1103,467,636,,,google_flights,
2026-10-04,BUE_MIA,2026-10-10,6,latam,,,USD,,,,,,,,,,,,,google_flights,ERROR: no cargó ninguna página de reserva: el vuelo ya no aparece en la lista al volver a la búsqueda
2026-10-04,BUE_MIA,2026-10-11,7,copa,,636,USD,si,636,si,5:25,22:48,1,PTY,1103,467,636,,,google_flights,
2026-10-04,BUE_MIA,2026-10-11,7,latam,,593,USD,si,593,si,22:30,18:10,1,SCL,1240,565,675,"Latam Airlines Group, Latam Airlines Group",,google_flights,
2026-10-04,BUE_MIA,2026-10-12,8,copa,,597,USD,si,597,si,14:49,1:47,1,PTY,718,83,635,,,google_flights,
2026-10-04,BUE_MIA,2026-10-12,8,latam,,,USD,,,no,,,,,,,,,,google_flights,"LATAM no aparece como vendedor en sus 2 vuelo(s) más barato(s) (vendían: Delta, Travomint)"
2026-10-04,BUE_MIA,2026-10-13,9,copa,,597,USD,si,597,si,3:48,19:53,1,PTY,1025,389,636,,,google_flights,
2026-10-04,BUE_MIA,2026-10-13,9,latam,,487,USD,si,487,si,19:21,7:40,1,SCL,799,126,673,"Latam Airlines Group, Latam Airlines Group",,google_flights,
2026-10-04,BUE_MIA,2026-10-14,10,copa,,597,USD,si,597,si,0:10,12:15,1,PTY,785,149,636,,,google_flights,
2026-10-04,BUE_MIA,2026-10-14,10,latam,,616,USD,si,616,si,21:45,17:35,1,GRU,1250,580,670,"Latam Airlines Brasil, Latam Airlines Brasil",,google_flights,
2026-10-04,BUE_MIA,2026-10-15,11,copa,,597,USD,si,597,si,14:49,1:47,1,PTY,718,83,635,,,google_flights,
2026-10-04,BUE_MIA,2026-10-15,11,latam,,646,USD,si,646,si,2:15,17:35,1,GRU,980,310,670,"Latam Airlines Brasil, Latam Airlines Brasil",,google_flights,
2026-10-04,BUE_MIA,2026-10-16,12,copa,,597,USD,si,597,si,4:15,22:48,1,PTY,1173,537,636,,,google_flights,
2026-10-04,BUE_MIA,2026-10-16,12,latam,,484,USD,si,484,si,17:35,15:10,1,LIM,1355,715,640,"Latam Airlines Peru, Latam Airlines Peru",,google_flights,
2026-10-04,BUE_MIA,2026-10-17,13,copa,,636,USD,si,636,si,0:10,12:15,1,PTY,785,149,636,,,google_flights,
2026-10-04,BUE_MIA,2026-10-17,13,latam,,,USD,,,no,,,,,,,,,,google_flights,"LATAM no aparece como vendedor en sus 2 vuelo(s) más barato(s) (vendían: Delta, Travomint)"
2026-10-04,BUE_MIA,2026-10-18,14,copa,,597,USD,si,597,si,4:15,14:39,1,PTY,684,48,636,,,google_flights,
2026-10-04,BUE_MIA,2026-10-18,14,latam,,547,USD,si,547,si,2:15,17:35,1,GRU,980,310,670,"Latam Airlines Brasil, Latam Airlines Brasil",,google_flights,
2026-10-04,BUE_MIA,2026-10-19,15,copa,,597,USD,si,597,si,3:48,14:39,1,PTY,711,75,636,,,google_flights,
2026-10-04,BUE_MIA,2026-10-19,15,latam,,,USD,,,no,,,,,,,,,,google_flights,"LATAM no aparece como vendedor en sus 2 vuelo(s) más barato(s) (vendían: Delta, Travomint)"
2026-10-04,BUE_MIA,2026-10-20,16,copa,,,USD,,,,,,,,,,,,,google_flights,ERROR: la lista de vuelos de Google Flights vino vacía
2026-10-04,BUE_MIA,2026-10-20,16,latam,,,USD,,,,,,,,,,,,,google_flights,ERROR: la lista de vuelos de Google Flights vino vacía
2026-10-04,BUE_MIA,2026-10-21,17,copa,,,USD,,,,,,,,,,,,,google_flights,ERROR: la lista de vuelos de Google Flights vino vacía
2026-10-04,BUE_MIA,2026-10-21,17,latam,,,USD,,,,,,,,,,,,,google_flights,ERROR: la lista de vuelos de Google Flights vino vacía
2026-10-04,BUE_MIA,2026-10-22,18,copa,,,USD,,,,,,,,,,,,,google_flights,ERROR: la lista de vuelos de Google Flights vino vacía
2026-10-04,BUE_MIA,2026-10-22,18,latam,,,USD,,,,,,,,,,,,,google_flights,ERROR: la lista de vuelos de Google Flights vino vacía
2026-10-04,BUE_MIA,2026-10-23,19,copa,,,USD,,,,,,,,,,,,,google_flights,ERROR: la lista de vuelos de Google Flights vino vacía
2026-10-04,BUE_MIA,2026-10-23,19,latam,,,USD,,,,,,,,,,,,,google_flights,ERROR: la lista de vuelos de Google Flights vino vacía
2026-10-04,BUE_MIA,2026-10-24,20,copa,,597,USD,si,597,si,4:15,14:39,1,PTY,684,48,636,,,google_flights,
2026-10-04,BUE_MIA,2026-10-24,20,latam,,515,USD,si,515,si,2:15,17:35,1,GRU,980,310,670,"Latam Airlines Brasil, Latam Airlines Brasil",,google_flights,
2026-10-04,BUE_MIA,2026-10-25,21,copa,,,USD,,,no,,,,,,,,,,google_flights,Copa no tiene vuelos propios con precio en Google Flights (con 1 escala)
2026-10-04,BUE_MIA,2026-10-25,21,latam,,719,USD,si,719,si,21:45,17:40,1,GRU,1255,590,665,"Latam Airlines Brasil, Latam Airlines Brasil",,google_flights,
2026-10-04,BUE_MIA,2026-10-26,22,copa,,,USD,,,no,,,,,,,,,,google_flights,Copa no tiene vuelos propios con precio en Google Flights (con 1 escala)
2026-10-04,BUE_MIA,2026-10-26,22,latam,,548,USD,si,548,si,20:05,15:15,1,LIM,1210,565,645,"Latam Airlines Peru, Latam Airlines Peru",,google_flights,
2026-10-04,BUE_MIA,2026-10-27,23,copa,,,USD,,,no,,,,,,,,,,google_flights,Copa no tiene vuelos propios con precio en Google Flights (con 1 escala)
2026-10-04,BUE_MIA,2026-10-27,23,latam,,484,USD,si,484,si,20:05,15:15,1,LIM,1210,565,645,"Latam Airlines Peru, Latam Airlines Peru",,google_flights,
2026-10-04,BUE_MIA,2026-10-28,24,copa,,,USD,,,no,,,,,,,,,,google_flights,Copa no tiene vuelos propios con precio en Google Flights (con 1 escala)
2026-10-04,BUE_MIA,2026-10-28,24,latam,,496,USD,si,496,si,8:40,20:25,1,LIM,765,120,645,"Latam Airlines Peru, Latam Airlines Peru",,google_flights,
2026-10-04,BUE_MIA,2026-10-29,25,copa,,,USD,,,no,,,,,,,,,,google_flights,Copa no tiene vuelos propios con precio en Google Flights (con 1 escala)
2026-10-04,BUE_MIA,2026-10-29,25,latam,,688,USD,si,688,si,2:05,17:40,1,GRU,995,325,670,"Latam Airlines Brasil, Latam Airlines Brasil",,google_flights,
2026-10-04,BUE_MIA,2026-10-30,26,copa,,,USD,,,no,,,,,,,,,,google_flights,Copa no tiene vuelos propios con precio en Google Flights (con 1 escala)
2026-10-04,BUE_MIA,2026-10-30,26,latam,,623,USD,si,623,si,2:05,17:40,1,GRU,995,325,670,"Latam Airlines Brasil, Latam Airlines Brasil",,google_flights,
2026-10-04,BUE_MIA,2026-10-31,27,copa,,,USD,,,no,,,,,,,,,,google_flights,Copa no tiene vuelos propios con precio en Google Flights (con 1 escala)
2026-10-04,BUE_MIA,2026-10-31,27,latam,,595,USD,si,595,si,17:35,6:10,1,LIM,875,230,645,"Latam Airlines Peru, Latam Airlines Peru",,google_flights,
2026-10-04,BUE_MIA,2026-11-01,28,copa,,,USD,,,no,,,,,,,,,,google_flights,Copa no tiene vuelos propios con precio en Google Flights (con 1 escala)
2026-10-04,BUE_MIA,2026-11-01,28,latam,,630,USD,si,630,si,8:40,19:25,1,LIM,765,120,645,"Latam Airlines Peru, Latam Airlines Peru",,google_flights,
2026-10-04,BUE_MIA,2026-11-02,29,copa,,,USD,,,no,,,,,,,,,,google_flights,Copa no tiene vuelos propios con precio en Google Flights (con 1 escala)
2026-10-04,BUE_MIA,2026-11-02,29,latam,,484,USD,si,484,si,20:05,6:10,1,LIM,725,80,645,"Latam Airlines Peru, Latam Airlines Peru",,google_flights,
2026-10-04,BUE_MIA,2026-11-03,30,copa,,,USD,,,no,,,,,,,,,,google_flights,Copa no tiene vuelos propios con precio en Google Flights (con 1 escala)
2026-10-04,BUE_MIA,2026-11-03,30,latam,,502,USD,si,502,si,8:40,19:25,1,LIM,765,120,645,"Latam Airlines Peru, Latam Airlines Peru",,google_flights,
2026-10-04,BUE_MIA,2026-12-03,60,copa,,631,USD,si,631,si,3:40,13:35,1,PTY,715,81,634,,,google_flights,
2026-10-04,BUE_MIA,2026-12-03,60,latam,,436,USD,si,436,si,20:05,16:40,1,GRU,1355,690,665,"Latam Airlines Brasil, Latam Airlines Brasil",,google_flights,
2026-10-04,MIA_BUE,2026-10-05,1,copa,,,USD,,,no,,,,,,,,,,google_flights,"Copa no aparece como vendedor en sus 2 vuelo(s) más barato(s) (vendían: AranGrant, Ovago)"
2026-10-04,MIA_BUE,2026-10-05,1,latam,,696,USD,si,696,si,10:50,1:05,1,GRU,795,120,675,"Latam Airlines Brasil, Latam Airlines Brasil",,google_flights,
2026-10-04,MIA_BUE,2026-10-06,2,copa,,697,USD,si,697,si,14:01,2:30,1,PTY,689,73,616,,,google_flights,
2026-10-04,MIA_BUE,2026-10-06,2,latam,,640,USD,si,640,si,22:30,14:00,1,GRU,870,185,685,"Latam Airlines Brasil, Latam Airlines Brasil",,google_flights,
2026-10-04,MIA_BUE,2026-10-07,3,copa,,,USD,,,,,,,,,,,,,google_flights,ERROR: la lista de vuelos de Google Flights vino vacía
2026-10-04,MIA_BUE,2026-10-07,3,latam,,,USD,,,,,,,,,,,,,google_flights,ERROR: la lista de vuelos de Google Flights vino vacía
2026-10-04,MIA_BUE,2026-10-08,4,copa,,,USD,,,,,,,,,,,,,google_flights,ERROR: la lista de vuelos de Google Flights vino vacía
2026-10-04,MIA_BUE,2026-10-08,4,latam,,,USD,,,,,,,,,,,,,google_flights,ERROR: la lista de vuelos de Google Flights vino vacía
2026-10-04,MIA_BUE,2026-10-09,5,copa,,,USD,,,,,,,,,,,,,google_flights,ERROR: la lista de vuelos de Google Flights vino vacía
2026-10-04,MIA_BUE,2026-10-09,5,latam,,,USD,,,,,,,,,,,,,google_flights,ERROR: la lista de vuelos de Google Flights vino vacía
2026-10-04,MIA_BUE,2026-10-10,6,copa,,,USD,,,,,,,,,,,,,google_flights,ERROR: la lista de vuelos de Google Flights vino vacía
2026-10-04,MIA_BUE,2026-10-10,6,latam,,,USD,,,,,,,,,,,,,google_flights,ERROR: la lista de vuelos de Google Flights vino vacía
2026-10-04,MIA_BUE,2026-10-11,7,copa,,745,USD,si,745,si,12:25,0:51,1,PTY,686,70,616,,,google_flights,
2026-10-04,MIA_BUE,2026-10-11,7,latam,,,USD,,,no,,,,,,,,,,google_flights,"LATAM no aparece como vendedor en sus 2 vuelo(s) más barato(s) (vendían: Delta, FlightHub, Justfly.com, OneTravel, Ovago)"
2026-10-04,MIA_BUE,2026-10-12,8,copa,,697,USD,si,697,si,18:31,7:57,1,PTY,746,129,617,,,google_flights,
2026-10-04,MIA_BUE,2026-10-12,8,latam,,614,USD,si,614,si,10:50,9:40,1,GRU,1310,635,675,"Latam Airlines Brasil, Latam Airlines Brasil",,google_flights,
2026-10-04,MIA_BUE,2026-10-13,9,copa,,,USD,,,no,,,,,,,,,,google_flights,"Copa no aparece como vendedor en sus 2 vuelo(s) más barato(s) (vendían: AranGrant, Ovago)"
2026-10-04,MIA_BUE,2026-10-13,9,latam,,544,USD,si,544,si,16:55,16:00,1,LIM,1325,710,615,"Latam Airlines Peru, Latam Airlines Peru",,google_flights,
2026-10-04,MIA_BUE,2026-10-14,10,copa,,473,USD,si,473,si,8:25,4:36,1,PTY,1151,531,620,,,google_flights,
2026-10-04,MIA_BUE,2026-10-14,10,latam,,572,USD,si,572,si,10:50,10:30,1,GRU,1360,685,675,"Latam Airlines Brasil, Latam Airlines Brasil",,google_flights,
2026-10-04,MIA_BUE,2026-10-15,11,copa,,,USD,,,no,,,,,,,,,,google_flights,"Copa no aparece como vendedor en sus 2 vuelo(s) más barato(s) (vendían: AranGrant, Ovago)"
2026-10-04,MIA_BUE,2026-10-15,11,latam,,464,USD,si,464,si,10:50,1:05,1,GRU,795,120,675,"Latam Airlines Brasil, Latam Airlines Brasil",,google_flights,
2026-10-04,MIA_BUE,2026-10-16,12,copa,,760,USD,si,760,si,6:21,4:21,1,PTY,1260,640,620,,,google_flights,
2026-10-04,MIA_BUE,2026-10-16,12,latam,,544,USD,si,544,si,10:50,1:05,1,GRU,795,120,675,"Latam Airlines Brasil, Latam Airlines Brasil",,google_flights,
2026-10-04,MIA_BUE,2026-10-17,13,copa,,,USD,,,no,,,,,,,,,,google_flights,"Copa no aparece como vendedor en sus 2 vuelo(s) más barato(s) (vendían: AranGrant, Ovago)"
2026-10-04,MIA_BUE,2026-10-17,13,latam,,,USD,,,no,,,,,,,,,,google_flights,"LATAM no aparece como vendedor en sus 2 vuelo(s) más barato(s) (vendían: Delta, AranGrant, FlightHub, Ovago, Justfly.com)"
2026-10-04,MIA_BUE,2026-10-18,14,copa,,745,USD,si,745,si,8:25,22:26,1,PTY,781,161,620,,,google_flights,
2026-10-04,MIA_BUE,2026-10-18,14,latam,,,USD,,,no,,,,,,,,,,google_flights,"LATAM no aparece como vendedor en sus 2 vuelo(s) más barato(s) (vendían: Delta, FlightHub, Justfly.com, OneTravel, AranGrant, Ovago)"
2026-10-04,MIA_BUE,2026-10-19,15,copa,,697,USD,si,697,si,14:01,4:21,1,PTY,800,184,616,,,google_flights,
2026-10-04,MIA_BUE,2026-10-19,15,latam,,568,USD,si,568,si,17:10,8:30,1,LIM,860,245,615,"Latam Airlines Peru, Latam Airlines Peru",,google_flights,
2026-10-04,MIA_BUE,2026-10-20,16,copa,,380,USD,si,380,si,15:11,4:21,1,PTY,730,113,617,,,google_flights,
2026-10-04,MIA_BUE,2026-10-20,16,latam,,389,USD,si,389,si,19:40,15:45,1,GRU,1145,460,685,"Latam Airlines Brasil, Latam Airlines Brasil",,google_flights,
2026-10-04,MIA_BUE,2026-10-21,17,copa,,380,USD,si,380,si,14:01,2:30,1,PTY,689,73,616,,,google_flights,
2026-10-04,MIA_BUE,2026-10-21,17,latam,,489,USD,si,489,si,16:55,6:10,1,LIM,735,125,610,"Latam Airlines Peru, Latam Airlines Peru",,google_flights,
2026-10-04,MIA_BUE,2026-10-22,18,copa,,380,USD,si,380,si,14:01,2:30,1,PTY,689,73,616,,,google_flights,
2026-10-04,MIA_BUE,2026-10-22,18,latam,,544,USD,si,544,si,10:50,1:05,1,GRU,795,120,675,"Latam Airlines Brasil, Latam Airlines Brasil",,google_flights,
2026-10-04,MIA_BUE,2026-10-23,19,copa,,380,USD,si,380,si,14:01,2:30,1,PTY,689,73,616,,,google_flights,
2026-10-04,MIA_BUE,2026-10-23,19,latam,,485,USD,si,485,si,10:50,1:05,1,GRU,795,120,675,"Latam Airlines Brasil, Latam Airlines Brasil",,google_flights,
2026-10-04,MIA_BUE,2026-10-24,20,copa,,,USD,,,no,,,,,,,,,,google_flights,"Copa no aparece como vendedor en sus 2 vuelo(s) más barato(s) (vendían: AranGrant, Ovago)"
2026-10-04,MIA_BUE,2026-10-24,20,latam,,497,USD,si,497,si,17:10,8:30,1,LIM,860,245,615,"Latam Airlines Peru, Latam Airlines Peru",,google_flights,
2026-10-04,MIA_BUE,2026-10-25,21,copa,,408,USD,si,408,si,5:40,1:11,1,PTY,1111,508,603,,,google_flights,
2026-10-04,MIA_BUE,2026-10-25,21,latam,,571,USD,si,571,si,17:05,7:40,1,LIM,815,205,610,"Latam Airlines Peru, Latam Airlines Peru",,google_flights,
2026-10-04,MIA_BUE,2026-10-26,22,copa,,697,USD,si,697,si,18:23,6:20,1,PTY,657,57,600,,,google_flights,
2026-10-04,MIA_BUE,2026-10-26,22,latam,,544,USD,si,544,si,17:05,16:00,1,LIM,1315,695,620,"Latam Airlines Peru, Latam Airlines Peru",,google_flights,
2026-10-04,MIA_BUE,2026-10-27,23,copa,,380,USD,si,380,si,15:05,3:16,1,PTY,671,71,600,,,google_flights,
2026-10-04,MIA_BUE,2026-10-27,23,latam,,379,USD,si,379,si,19:40,18:35,1,SCL,1315,688,627,"Latam Airlines Group, Latam Airlines Group",,google_flights,
2026-10-04,MIA_BUE,2026-10-28,24,copa,,473,USD,si,473,si,8:31,21:57,1,PTY,746,143,603,,,google_flights,
2026-10-04,MIA_BUE,2026-10-28,24,latam,,440,USD,si,440,si,0:10,16:00,1,LIM,890,270,620,"Latam Airlines Peru, Latam Airlines Peru",,google_flights,
2026-10-04,MIA_BUE,2026-10-29,25,copa,,697,USD,si,697,si,13:56,3:16,1,PTY,740,141,599,,,google_flights,
2026-10-04,MIA_BUE,2026-10-29,25,latam,,614,USD,si,614,si,0:10,18:30,1,LIM,1040,430,610,"Latam Airlines Peru, Latam Airlines Peru",,google_flights,
2026-10-04,MIA_BUE,2026-10-30,26,copa,,,USD,,,no,,,,,,,,,,google_flights,"Copa no aparece como vendedor en sus 2 vuelo(s) más barato(s) (vendían: AranGrant, Ovago)"
2026-10-04,MIA_BUE,2026-10-30,26,latam,,614,USD,si,614,si,1:15,18:30,1,LIM,975,365,610,"Latam Airlines Peru, Latam Airlines Peru",,google_flights,
2026-10-04,MIA_BUE,2026-10-31,27,copa,,408,USD,si,408,si,5:40,3:16,1,PTY,1236,633,603,,,google_flights,
2026-10-04,MIA_BUE,2026-10-31,27,latam,,714,USD,si,714,si,0:10,16:00,1,LIM,890,270,620,"Latam Airlines Peru, Latam Airlines Peru",,google_flights,
2026-10-04,MIA_BUE,2026-11-01,28,copa,,,USD,,,no,,,,,,,,,,google_flights,"Copa no aparece como vendedor en sus 2 vuelo(s) más barato(s) (vendían: AranGrant, Ovago)"
2026-10-04,MIA_BUE,2026-11-01,28,latam,,714,USD,si,714,si,9:20,9:40,1,GRU,1340,660,680,"Latam Airlines Brasil, Latam Airlines Brasil",,google_flights,
2026-10-04,MIA_BUE,2026-11-02,29,copa,,745,USD,si,745,si,11:21,0:07,1,PTY,646,43,603,,,google_flights,
2026-10-04,MIA_BUE,2026-11-02,29,latam,,696,USD,si,696,si,16:45,8:30,1,LIM,825,215,610,"Latam Airlines Peru, Latam Airlines Peru",,google_flights,
2026-10-04,MIA_BUE,2026-11-03,30,copa,,745,USD,si,745,si,4:41,21:57,1,PTY,916,314,602,,,google_flights,
2026-10-04,MIA_BUE,2026-11-03,30,latam,,544,USD,si,544,si,23:10,18:30,1,LIM,1040,430,610,"Latam Airlines Peru, Latam Airlines Peru",,google_flights,
2026-10-04,MIA_BUE,2026-12-03,60,copa,,445,USD,si,445,si,3:33,22:20,1,PTY,1007,396,611,,,google_flights,
2026-10-04,MIA_BUE,2026-12-03,60,latam,,336,USD,si,336,si,12:45,3:00,1,LIM,735,125,610,"Latam Airlines Peru, Latam Airlines Peru",,google_flights,
2026-10-06,BUE_MIA,2026-10-07,1,copa,,643,USD,si,643,si,2:17,22:48,1,PTY,1291,655,636,,,google_flights,
2026-10-06,BUE_MIA,2026-10-07,1,latam,,646,USD,si,646,si,19:21,7:40,1,SCL,799,126,673,"Latam Airlines Group, Latam Airlines Group",,google_flights,
2026-10-06,BUE_MIA,2026-10-08,2,copa,,643,USD,si,643,si,14:49,1:47,1,PTY,718,83,635,,,google_flights,
2026-10-06,BUE_MIA,2026-10-08,2,latam,,646,USD,si,646,si,2:15,17:35,1,GRU,980,310,670,"Latam Airlines Brasil, Latam Airlines Brasil",,google_flights,
2026-10-06,BUE_MIA,2026-10-09,3,copa,,643,USD,si,643,si,4:15,1:47,1,PTY,1352,716,636,,,google_flights,
2026-10-06,BUE_MIA,2026-10-09,3,latam,,,USD,,,no,,,,,,,,,,google_flights,"LATAM no aparece como vendedor en sus 2 vuelo(s) más barato(s) (vendían: Delta, Travomint)"
2026-10-06,BUE_MIA,2026-10-10,4,copa,,1084,USD,si,1084,si,3:48,19:53,1,PTY,1025,389,636,,,google_flights,
2026-10-06,BUE_MIA,2026-10-10,4,latam,,719,USD,si,719,si,16:45,7:00,1,GRU,915,240,675,"Latam Airlines Brasil, Latam Airlines Brasil",,google_flights,
2026-10-06,BUE_MIA,2026-10-11,5,copa,,682,USD,si,682,si,5:25,19:53,1,PTY,928,292,636,,,google_flights,
2026-10-06,BUE_MIA,2026-10-11,5,latam,,,USD,,,no,,,,,,,,,,google_flights,"LATAM no aparece como vendedor en sus 2 vuelo(s) más barato(s) (vendían: Delta, Travomint)"
2026-10-06,BUE_MIA,2026-10-12,6,copa,,643,USD,si,643,si,5:25,1:47,1,PTY,1282,646,636,,,google_flights,
2026-10-06,BUE_MIA,2026-10-12,6,latam,,719,USD,si,719,si,21:00,18:10,1,SCL,1330,655,675,"Latam Airlines Group, Latam Airlines Group",,google_flights,
2026-10-06,BUE_MIA,2026-10-13,7,copa,,597,USD,si,597,si,3:48,22:29,1,PTY,1181,545,636,,,google_flights,
2026-10-06,BUE_MIA,2026-10-13,7,latam,,484,USD,si,484,si,12:15,7:40,1,SCL,1225,565,660,"Latam Airlines Group, Latam Airlines Group",,google_flights,
2026-10-06,BUE_MIA,2026-10-14,8,copa,,597,USD,si,597,si,2:17,22:29,1,PTY,1272,636,636,,,google_flights,
2026-10-06,BUE_MIA,2026-10-14,8,latam,,595,USD,si,595,si,2:15,17:35,1,GRU,980,315,665,"Latam Airlines Brasil, Latam Airlines Brasil",,google_flights,
2026-10-06,BUE_MIA,2026-10-15,9,copa,,597,USD,si,597,si,14:49,1:47,1,PTY,718,83,635,,,google_flights,
2026-10-06,BUE_MIA,2026-10-15,9,latam,,700,USD,si,700,si,12:55,7:00,1,GRU,1145,475,670,"Latam Airlines Brasil, Latam Airlines Brasil",,google_flights,
2026-10-06,BUE_MIA,2026-10-16,10,copa,,597,USD,si,597,si,4:15,22:29,1,PTY,1154,518,636,,,google_flights,
2026-10-06,BUE_MIA,2026-10-16,10,latam,,595,USD,si,595,si,2:15,17:35,1,GRU,980,315,665,"Latam Airlines Brasil, Latam Airlines Brasil",,google_flights,
2026-10-06,BUE_MIA,2026-10-17,11,copa,,636,USD,si,636,si,14:49,1:47,1,PTY,718,83,635,,,google_flights,
2026-10-06,BUE_MIA,2026-10-17,11,latam,,595,USD,si,595,si,16:45,7:00,1,GRU,915,240,675,"Latam Airlines Brasil, Latam Airlines Brasil",,google_flights,
2026-10-06,BUE_MIA,2026-10-18,12,copa,,597,USD,si,597,si,4:15,14:39,1,PTY,684,48,636,,,google_flights,
2026-10-06,BUE_MIA,2026-10-18,12,latam,,,USD,,,no,,,,,,,,,,google_flights,"LATAM no aparece como vendedor en sus 2 vuelo(s) más barato(s) (vendían: Delta, Travomint)"
2026-10-06,BUE_MIA,2026-10-19,13,copa,,597,USD,si,597,si,3:48,22:48,1,PTY,1200,564,636,,,google_flights,
2026-10-06,BUE_MIA,2026-10-19,13,latam,,387,USD,si,387,si,19:21,7:40,1,SCL,799,126,673,"Latam Airlines Group, Latam Airlines Group",,google_flights,
2026-10-06,BUE_MIA,2026-10-20,14,copa,,597,USD,si,597,si,3:48,14:39,1,PTY,711,75,636,,,google_flights,
2026-10-06,BUE_MIA,2026-10-20,14,latam,,387,USD,si,387,si,12:15,7:40,1,SCL,1225,565,660,"Latam Airlines Group, Latam Airlines Group",,google_flights,
2026-10-06,BUE_MIA,2026-10-21,15,copa,,597,USD,si,597,si,0:10,19:53,1,PTY,1243,607,636,,,google_flights,
2026-10-06,BUE_MIA,2026-10-21,15,latam,,387,USD,si,387,si,21:00,8:25,1,SCL,745,70,675,"Latam Airlines Group, Latam Airlines Group",,google_flights,
2026-10-06,BUE_MIA,2026-10-22,16,copa,,597,USD,si,597,si,3:48,14:39,1,PTY,711,75,636,,,google_flights,
2026-10-06,BUE_MIA,2026-10-22,16,latam,,387,USD,si,387,si,3:55,15:10,1,LIM,735,90,645,"Latam Airlines Peru, Latam Airlines Peru",,google_flights,
2026-10-06,BUE_MIA,2026-10-23,17,copa,,597,USD,si,597,si,3:48,14:39,1,PTY,711,75,636,,,google_flights,
2026-10-06,BUE_MIA,2026-10-23,17,latam,,387,USD,si,387,si,2:15,17:35,1,GRU,980,315,665,"Latam Airlines Brasil, Latam Airlines Brasil",,google_flights,
2026-10-06,BUE_MIA,2026-10-24,18,copa,,597,USD,si,597,si,4:15,22:48,1,PTY,1173,537,636,,,google_flights,
2026-10-06,BUE_MIA,2026-10-24,18,latam,,387,USD,si,387,si,2:15,20:15,1,GRU,1140,480,660,"Latam Airlines Brasil, Latam Airlines Brasil",,google_flights,
2026-10-06,BUE_MIA,2026-10-25,19,copa,,,USD,,,no,,,,,,,,,,google_flights,Copa no tiene vuelos propios con precio en Google Flights (con 1 escala)
2026-10-06,BUE_MIA,2026-10-25,19,latam,,719,USD,si,719,si,21:45,17:40,1,GRU,1255,590,665,"Latam Airlines Brasil, Latam Airlines Brasil",,google_flights,
2026-10-06,BUE_MIA,2026-10-26,20,copa,,,USD,,,no,,,,,,,,,,google_flights,Copa no tiene vuelos propios con precio en Google Flights (con 1 escala)
2026-10-06,BUE_MIA,2026-10-26,20,latam,,387,USD,si,387,si,19:35,17:25,1,SCL,1370,714,656,"Latam Airlines Group, Latam Airlines Group",,google_flights,
2026-10-06,BUE_MIA,2026-10-27,21,copa,,,USD,,,no,,,,,,,,,,google_flights,Copa no tiene vuelos propios con precio en Google Flights (con 1 escala)
2026-10-06,BUE_MIA,2026-10-27,21,latam,,546,USD,si,546,si,4:00,15:15,1,LIM,735,90,645,"Latam Airlines Peru, Latam Airlines Peru",,google_flights,
2026-10-06,BUE_MIA,2026-10-28,22,copa,,,USD,,,no,,,,,,,,,,google_flights,Copa no tiene vuelos propios con precio en Google Flights (con 1 escala)
2026-10-06,BUE_MIA,2026-10-28,22,latam,,387,USD,si,387,si,17:35,15:15,1,LIM,1360,715,645,"Latam Airlines Peru, Latam Airlines Peru",,google_flights,
2026-10-06,BUE_MIA,2026-10-29,23,copa,,,USD,,,no,,,,,,,,,,google_flights,Copa no tiene vuelos propios con precio en Google Flights (con 1 escala)
2026-10-06,BUE_MIA,2026-10-29,23,latam,,646,USD,si,646,si,2:05,17:40,1,GRU,995,325,670,"Latam Airlines Brasil, Latam Airlines Brasil",,google_flights,
2026-10-06,BUE_MIA,2026-10-30,24,copa,,,USD,,,no,,,,,,,,,,google_flights,Copa no tiene vuelos propios con precio en Google Flights (con 1 escala)
2026-10-06,BUE_MIA,2026-10-30,24,latam,,589,USD,si,589,si,2:05,19:45,1,GRU,1120,455,665,"Latam Airlines Brasil, Latam Airlines Brasil",,google_flights,
2026-10-06,BUE_MIA,2026-10-31,25,copa,,,USD,,,no,,,,,,,,,,google_flights,Copa no tiene vuelos propios con precio en Google Flights (con 1 escala)
2026-10-06,BUE_MIA,2026-10-31,25,latam,,719,USD,si,719,si,21:45,16:40,1,GRU,1255,590,665,"Latam Airlines Brasil, Latam Airlines Brasil",,google_flights,
2026-10-06,BUE_MIA,2026-11-01,26,copa,,,USD,,,no,,,,,,,,,,google_flights,Copa no tiene vuelos propios con precio en Google Flights (con 1 escala)
2026-10-06,BUE_MIA,2026-11-01,26,latam,,565,USD,si,565,si,2:05,16:40,1,GRU,995,320,675,"Latam Airlines Brasil, Latam Airlines Brasil",,google_flights,
2026-10-06,BUE_MIA,2026-11-02,27,copa,,,USD,,,no,,,,,,,,,,google_flights,Copa no tiene vuelos propios con precio en Google Flights (con 1 escala)
2026-10-06,BUE_MIA,2026-11-02,27,latam,,429,USD,si,429,si,21:00,16:25,1,SCL,1285,629,656,"Latam Airlines Group, Latam Airlines Group",,google_flights,
2026-10-06,BUE_MIA,2026-11-03,28,copa,,,USD,,,no,,,,,,,,,,google_flights,Copa no tiene vuelos propios con precio en Google Flights (con 1 escala)
2026-10-06,BUE_MIA,2026-11-03,28,latam,,,USD,,,no,,,,,,,,,,google_flights,"LATAM no aparece como vendedor en sus 2 vuelo(s) más barato(s) (vendían: Delta, Travomint)"
2026-10-06,BUE_MIA,2026-11-04,29,copa,,,USD,,,no,,,,,,,,,,google_flights,Copa no tiene vuelos propios con precio en Google Flights (con 1 escala)
2026-10-06,BUE_MIA,2026-11-04,29,latam,,387,USD,si,387,si,20:05,14:20,1,LIM,1215,565,650,"Latam Airlines Peru, Latam Airlines Peru",,google_flights,
2026-10-06,BUE_MIA,2026-11-05,30,copa,,,USD,,,no,,,,,,,,,,google_flights,Copa no tiene vuelos propios con precio en Google Flights (con 1 escala)
2026-10-06,BUE_MIA,2026-11-05,30,latam,,387,USD,si,387,si,17:35,7:10,1,LIM,935,290,645,"Latam Airlines Peru, Latam Airlines Peru",,google_flights,
2026-10-06,BUE_MIA,2026-12-05,60,copa,,449,USD,si,449,si,0:05,15:39,1,PTY,1054,423,631,,,google_flights,
2026-10-06,BUE_MIA,2026-12-05,60,latam,,421,USD,si,421,si,20:05,14:15,1,LIM,1210,565,645,"Latam Airlines Peru, Latam Airlines Peru",,google_flights,
2026-10-06,MIA_BUE,2026-10-07,1,copa,,697,USD,si,697,si,5:57,22:26,1,PTY,929,309,620,,,google_flights,
2026-10-06,MIA_BUE,2026-10-07,1,latam,,696,USD,si,696,si,10:50,9:25,1,GRU,1295,620,675,"Latam Airlines Brasil, Latam Airlines Brasil",,google_flights,
2026-10-06,MIA_BUE,2026-10-08,2,copa,,,USD,,,,,,,,,,,,,google_flights,ERROR: la lista de vuelos de Google Flights vino vacía
2026-10-06,MIA_BUE,2026-10-08,2,latam,,,USD,,,,,,,,,,,,,google_flights,ERROR: la lista de vuelos de Google Flights vino vacía
2026-10-06,MIA_BUE,2026-10-09,3,copa,,697,USD,si,697,si,5:57,0:51,1,PTY,1074,454,620,,,google_flights,
2026-10-06,MIA_BUE,2026-10-09,3,latam,,710,USD,si,710,si,21:45,18:21,1,SCL,1176,565,611,"Latam Airlines Group, Latam Airlines Group",,google_flights,
2026-10-06,MIA_BUE,2026-10-10,4,copa,,745,USD,si,745,si,5:57,22:26,1,PTY,929,309,620,,,google_flights,
2026-10-06,MIA_BUE,2026-10-10,4,latam,,716,USD,si,716,si,17:10,7:40,1,LIM,810,195,615,"Latam Airlines Peru, Latam Airlines Peru",,google_flights,
2026-10-06,MIA_BUE,2026-10-11,5,copa,,808,USD,si,808,si,12:25,0:51,1,PTY,686,70,616,,,google_flights,
2026-10-06,MIA_BUE,2026-10-11,5,latam,,734,USD,si,734,si,19:40,9:30,1,GRU,770,85,685,"Latam Airlines Brasil, Latam Airlines Brasil",,google_flights,
2026-10-06,MIA_BUE,2026-10-12,6,copa,,961,USD,si,961,si,12:25,0:51,1,PTY,686,70,616,,,google_flights,
2026-10-06,MIA_BUE,2026-10-12,6,latam,,696,USD,si,696,si,10:50,9:40,1,GRU,1310,635,675,"Latam Airlines Brasil, Latam Airlines Brasil",,google_flights,
2026-10-06,MIA_BUE,2026-10-13,7,copa,,697,USD,si,697,si,14:01,2:30,1,PTY,689,73,616,,,google_flights,
2026-10-06,MIA_BUE,2026-10-13,7,latam,,544,USD,si,544,si,16:55,16:00,1,LIM,1325,710,615,"Latam Airlines Peru, Latam Airlines Peru",,google_flights,
2026-10-06,MIA_BUE,2026-10-14,8,copa,,697,USD,si,697,si,18:31,7:57,1,PTY,746,129,617,,,google_flights,
2026-10-06,MIA_BUE,2026-10-14,8,latam,,544,USD,si,544,si,19:40,15:45,1,GRU,1145,455,690,"Latam Airlines Brasil, Latam Airlines Brasil",,google_flights,
2026-10-06,MIA_BUE,2026-10-15,9,copa,,,USD,,,no,,,,,,,,,,google_flights,"Copa no aparece como vendedor en sus 2 vuelo(s) más barato(s) (vendían: AranGrant, Ovago)"
2026-10-06,MIA_BUE,2026-10-15,9,latam,,474,USD,si,474,si,10:50,1:05,1,GRU,795,120,675,"Latam Airlines Brasil, Latam Airlines Brasil",,google_flights,
2026-10-06,MIA_BUE,2026-10-16,10,copa,,745,USD,si,745,si,8:25,0:51,1,PTY,926,306,620,,,google_flights,
2026-10-06,MIA_BUE,2026-10-16,10,latam,,495,USD,si,495,si,19:40,15:45,1,GRU,1145,455,690,"Latam Airlines Brasil, Latam Airlines Brasil",,google_flights,
2026-10-06,MIA_BUE,2026-10-17,11,copa,,745,USD,si,745,si,5:57,2:30,1,PTY,1173,553,620,,,google_flights,
2026-10-06,MIA_BUE,2026-10-17,11,latam,,656,USD,si,656,si,17:10,8:30,1,LIM,860,245,615,"Latam Airlines Peru, Latam Airlines Peru",,google_flights,
2026-10-06,MIA_BUE,2026-10-18,12,copa,,,USD,,,no,,,,,,,,,,google_flights,"Copa no aparece como vendedor en sus 2 vuelo(s) más barato(s) (vendían: AranGrant, Ovago)"
2026-10-06,MIA_BUE,2026-10-18,12,latam,,,USD,,,no,,,,,,,,,,google_flights,"LATAM no aparece como vendedor en sus 2 vuelo(s) más barato(s) (vendían: Delta, FlightHub, Ovago, AranGrant, Justfly.com)"
2026-10-06,MIA_BUE,2026-10-19,13,copa,,697,USD,si,697,si,14:01,4:21,1,PTY,800,184,616,,,google_flights,1 de 2 página(s) de reserva fallaron: el vuelo ya no aparece en la lista al volver a la búsqueda
2026-10-06,MIA_BUE,2026-10-19,13,latam,,,USD,,,,,,,,,,,,,google_flights,ERROR: no cargó ninguna página de reserva: el vuelo ya no aparece en la lista al volver a la búsqueda
2026-10-06,MIA_BUE,2026-10-20,14,copa,,380,USD,si,380,si,15:11,4:36,1,PTY,745,128,617,,,google_flights,1 de 2 página(s) de reserva fallaron: el vuelo ya no aparece en la lista al volver a la búsqueda
2026-10-06,MIA_BUE,2026-10-20,14,latam,,,USD,,,,,,,,,,,,,google_flights,ERROR: no cargó ninguna página de reserva: el vuelo ya no aparece en la lista al volver a la búsqueda
2026-10-06,MIA_BUE,2026-10-21,15,copa,,,USD,,,,,,,,,,,,,google_flights,ERROR: la lista de vuelos de Google Flights vino vacía
2026-10-06,MIA_BUE,2026-10-21,15,latam,,,USD,,,,,,,,,,,,,google_flights,ERROR: la lista de vuelos de Google Flights vino vacía
2026-10-06,MIA_BUE,2026-10-22,16,copa,,,USD,,,,,,,,,,,,,google_flights,ERROR: la lista de vuelos de Google Flights vino vacía
2026-10-06,MIA_BUE,2026-10-22,16,latam,,,USD,,,,,,,,,,,,,google_flights,ERROR: la lista de vuelos de Google Flights vino vacía
2026-10-06,MIA_BUE,2026-10-23,17,copa,,,USD,,,,,,,,,,,,,google_flights,ERROR: la lista de vuelos de Google Flights vino vacía
2026-10-06,MIA_BUE,2026-10-23,17,latam,,,USD,,,,,,,,,,,,,google_flights,ERROR: la lista de vuelos de Google Flights vino vacía
2026-10-06,MIA_BUE,2026-10-24,18,copa,,,USD,,,,,,,,,,,,,google_flights,ERROR: la lista de vuelos de Google Flights vino vacía
2026-10-06,MIA_BUE,2026-10-24,18,latam,,,USD,,,,,,,,,,,,,google_flights,ERROR: la lista de vuelos de Google Flights vino vacía
2026-10-06,MIA_BUE,2026-10-25,19,copa,,,USD,,,,,,,,,,,,,google_flights,ERROR: la lista de vuelos de Google Flights vino vacía
2026-10-06,MIA_BUE,2026-10-25,19,latam,,,USD,,,,,,,,,,,,,google_flights,ERROR: la lista de vuelos de Google Flights vino vacía
2026-10-06,MIA_BUE,2026-10-26,20,copa,,,USD,,,,,,,,,,,,,google_flights,ERROR: la lista de vuelos de Google Flights vino vacía
2026-10-06,MIA_BUE,2026-10-26,20,latam,,,USD,,,,,,,,,,,,,google_flights,ERROR: la lista de vuelos de Google Flights vino vacía
2026-10-06,MIA_BUE,2026-10-27,21,copa,,,USD,,,,,,,,,,,,,google_flights,ERROR: la lista de vuelos de Google Flights vino vacía
2026-10-06,MIA_BUE,2026-10-27,21,latam,,,USD,,,,,,,,,,,,,google_flights,ERROR: la lista de vuelos de Google Flights vino vacía
2026-10-06,MIA_BUE,2026-10-28,22,copa,,,USD,,,,,,,,,,,,,google_flights,ERROR: la lista de vuelos de Google Flights vino vacía
2026-10-06,MIA_BUE,2026-10-28,22,latam,,,USD,,,,,,,,,,,,,google_flights,ERROR: la lista de vuelos de Google Flights vino vacía
2026-10-06,MIA_BUE,2026-10-29,23,copa,,,USD,,,,,,,,,,,,,google_flights,ERROR: la lista de vuelos de Google Flights vino vacía
2026-10-06,MIA_BUE,2026-10-29,23,latam,,,USD,,,,,,,,,,,,,google_flights,ERROR: la lista de vuelos de Google Flights vino vacía
2026-10-06,MIA_BUE,2026-10-30,24,copa,,,USD,,,,,,,,,,,,,google_flights,ERROR: la lista de vuelos de Google Flights vino vacía
2026-10-06,MIA_BUE,2026-10-30,24,latam,,,USD,,,,,,,,,,,,,google_flights,ERROR: la lista de vuelos de Google Flights vino vacía
2026-10-06,MIA_BUE,2026-10-31,25,copa,,,USD,,,,,,,,,,,,,google_flights,ERROR: la lista de vuelos de Google Flights vino vacía
2026-10-06,MIA_BUE,2026-10-31,25,latam,,,USD,,,,,,,,,,,,,google_flights,ERROR: la lista de vuelos de Google Flights vino vacía
2026-10-06,MIA_BUE,2026-11-01,26,copa,,,USD,,,,,,,,,,,,,google_flights,ERROR: la lista de vuelos de Google Flights vino vacía
2026-10-06,MIA_BUE,2026-11-01,26,latam,,,USD,,,,,,,,,,,,,google_flights,ERROR: la lista de vuelos de Google Flights vino vacía
2026-10-06,MIA_BUE,2026-11-02,27,copa,,,USD,,,,,,,,,,,,,google_flights,ERROR: la lista de vuelos de Google Flights vino vacía
2026-10-06,MIA_BUE,2026-11-02,27,latam,,,USD,,,,,,,,,,,,,google_flights,ERROR: la lista de vuelos de Google Flights vino vacía
2026-10-06,MIA_BUE,2026-11-03,28,copa,,,USD,,,,,,,,,,,,,google_flights,ERROR: la lista de vuelos de Google Flights vino vacía
2026-10-06,MIA_BUE,2026-11-03,28,latam,,,USD,,,,,,,,,,,,,google_flights,ERROR: la lista de vuelos de Google Flights vino vacía
2026-10-06,MIA_BUE,2026-11-04,29,copa,,,USD,,,,,,,,,,,,,google_flights,ERROR: la lista de vuelos de Google Flights vino vacía
2026-10-06,MIA_BUE,2026-11-04,29,latam,,,USD,,,,,,,,,,,,,google_flights,ERROR: la lista de vuelos de Google Flights vino vacía
2026-10-06,MIA_BUE,2026-11-05,30,copa,,,USD,,,,,,,,,,,,,google_flights,ERROR: la lista de vuelos de Google Flights vino vacía
2026-10-06,MIA_BUE,2026-11-05,30,latam,,,USD,,,,,,,,,,,,,google_flights,ERROR: la lista de vuelos de Google Flights vino vacía
2026-10-06,MIA_BUE,2026-12-05,60,copa,,341,USD,si,341,si,3:33,22:20,1,PTY,1007,396,611,,,google_flights,
2026-10-06,MIA_BUE,2026-12-05,60,latam,,388,USD,si,388,si,20:35,18:35,1,SCL,1200,573,627,"Latam Airlines Group, Latam Airlines Group",,google_flights,
