fecha_busqueda,ruta,aerolinea,fecha_vuelo,dias_anticipacion,precio,moneda,hora_salida,ok,error
2026-09-10T14:50:46.862Z,EZE_CCS,avianca,2026-09-11,1,1788.4,USD,,true,""
2026-09-10T14:50:59.631Z,EZE_CCS,avianca,2026-09-12,2,1788.4,USD,,true,""
2026-09-10T14:51:12.448Z,EZE_CCS,avianca,2026-09-13,3,1788.4,USD,,true,""
2026-09-10T14:51:23.218Z,EZE_CCS,avianca,2026-09-14,4,1788.4,USD,,true,""
2026-09-10T14:51:34.615Z,EZE_CCS,avianca,2026-09-15,5,850.2,USD,,true,""
2026-09-10T14:51:44.837Z,EZE_CCS,avianca,2026-09-16,6,1228.1,USD,,true,""
2026-09-10T14:51:55.741Z,EZE_CCS,avianca,2026-09-17,7,1788.4,USD,,true,""
2026-09-10T14:52:06.863Z,EZE_CCS,avianca,2026-09-18,8,1788.4,USD,,true,""
2026-09-10T14:52:17.017Z,EZE_CCS,avianca,2026-09-19,9,1788.4,USD,,true,""
2026-09-10T14:52:27.070Z,EZE_CCS,avianca,2026-09-20,10,1788.4,USD,,true,""
2026-09-10T14:52:37.231Z,EZE_CCS,avianca,2026-09-21,11,1788.4,USD,,true,""
2026-09-10T14:52:47.798Z,EZE_CCS,avianca,2026-09-22,12,993.5,USD,,true,""
2026-09-10T14:53:00.541Z,EZE_CCS,avianca,2026-09-23,13,1553.8,USD,,true,""
2026-09-10T14:53:10.732Z,EZE_CCS,avianca,2026-09-24,14,1788.4,USD,,true,""
2026-09-10T14:53:20.664Z,EZE_CCS,avianca,2026-09-25,15,1788.4,USD,,true,""
2026-09-10T14:53:30.942Z,EZE_CCS,avianca,2026-09-26,16,1788.4,USD,,true,""
2026-09-10T14:53:41.526Z,EZE_CCS,avianca,2026-09-27,17,1788.4,USD,,true,""
2026-09-10T14:53:52.626Z,EZE_CCS,avianca,2026-09-28,18,1553.8,USD,,true,""
2026-09-10T14:54:03.069Z,EZE_CCS,avianca,2026-09-29,19,748.2,USD,,true,""
2026-09-10T14:54:13.116Z,EZE_CCS,avianca,2026-09-30,20,1794,USD,,true,""
2026-09-10T14:54:23.655Z,EZE_CCS,avianca,2026-10-01,21,1454.1,USD,,true,""
2026-09-10T14:54:36.643Z,EZE_CCS,avianca,2026-10-02,22,1454.1,USD,,true,""
2026-09-10T14:54:46.602Z,EZE_CCS,avianca,2026-10-03,23,1794,USD,,true,""
2026-09-10T14:54:58.192Z,EZE_CCS,avianca,2026-10-04,24,1794,USD,,true,""
2026-09-10T14:55:08.817Z,EZE_CCS,avianca,2026-10-05,25,1454.1,USD,,true,""
2026-09-10T14:55:18.673Z,EZE_CCS,avianca,2026-10-06,26,996.6,USD,,true,""
2026-09-10T14:55:28.670Z,EZE_CCS,avianca,2026-10-07,27,1231.9,USD,,true,""
2026-09-10T14:55:38.467Z,EZE_CCS,avianca,2026-10-08,28,1449.6,USD,,true,""
2026-09-10T14:55:49.006Z,EZE_CCS,avianca,2026-10-09,29,1788.4,USD,,true,""
2026-09-10T14:55:59.623Z,EZE_CCS,avianca,2026-10-10,30,1788.4,USD,,true,""
2026-09-10T14:56:12.571Z,EZE_CCS,avianca,2026-11-09,60,1237.6,USD,,true,""
2026-09-10T14:56:24.299Z,EZE_CCS,gol,2026-09-11,1,,BRL,,true,""
2026-09-10T14:56:47.840Z,EZE_CCS,gol,2026-09-12,2,,BRL,,true,""
2026-09-10T14:57:56.937Z,EZE_CCS,gol,2026-09-13,3,,BRL,,true,""
2026-09-10T14:58:19.850Z,EZE_CCS,gol,2026-09-14,4,,BRL,,true,""
2026-09-10T14:58:45.145Z,EZE_CCS,gol,2026-09-15,5,,BRL,,true,""
2026-09-10T14:59:08.594Z,EZE_CCS,gol,2026-09-16,6,,BRL,,true,""
2026-09-10T14:59:30.917Z,EZE_CCS,gol,2026-09-17,7,,BRL,,true,""
2026-09-10T14:59:52.728Z,EZE_CCS,gol,2026-09-18,8,,BRL,,true,""
2026-09-10T15:00:15.571Z,EZE_CCS,gol,2026-09-19,9,,BRL,,true,""
2026-09-10T15:00:37.707Z,EZE_CCS,gol,2026-09-20,10,,BRL,,true,""
2026-09-10T15:01:00.974Z,EZE_CCS,gol,2026-09-21,11,,BRL,,true,""
2026-09-10T15:01:23.312Z,EZE_CCS,gol,2026-09-22,12,,BRL,,true,""
2026-09-10T15:01:46.183Z,EZE_CCS,gol,2026-09-23,13,,BRL,,true,""
2026-09-10T15:02:09.855Z,EZE_CCS,gol,2026-09-24,14,,BRL,,true,""
2026-09-10T15:02:32.710Z,EZE_CCS,gol,2026-09-25,15,,BRL,,true,""
2026-09-10T15:02:56.117Z,EZE_CCS,gol,2026-09-26,16,,BRL,,true,""
2026-09-10T15:03:18.015Z,EZE_CCS,gol,2026-09-27,17,,BRL,,true,""
2026-09-10T15:03:40.651Z,EZE_CCS,gol,2026-09-28,18,,BRL,,true,""
2026-09-10T15:04:03.362Z,EZE_CCS,gol,2026-09-29,19,,BRL,,true,""
2026-09-10T15:04:26.588Z,EZE_CCS,gol,2026-09-30,20,,BRL,,true,""
2026-09-10T15:04:53.662Z,EZE_CCS,gol,2026-10-01,21,,BRL,,true,""
2026-09-10T15:05:15.473Z,EZE_CCS,gol,2026-10-02,22,,BRL,,true,""
2026-09-10T15:05:38.720Z,EZE_CCS,gol,2026-10-03,23,,BRL,,true,""
2026-09-10T15:06:01.206Z,EZE_CCS,gol,2026-10-04,24,,BRL,,true,""
2026-09-10T15:06:24.417Z,EZE_CCS,gol,2026-10-05,25,,BRL,,true,""
2026-09-10T15:06:46.854Z,EZE_CCS,gol,2026-10-06,26,,BRL,,true,""
2026-09-10T15:07:10.539Z,EZE_CCS,gol,2026-10-07,27,,BRL,,true,""
2026-09-10T15:07:33.646Z,EZE_CCS,gol,2026-10-08,28,,BRL,,true,""
2026-09-10T15:07:59.975Z,EZE_CCS,gol,2026-10-09,29,,BRL,,true,""
2026-09-10T15:09:08.965Z,EZE_CCS,gol,2026-10-10,30,,BRL,,true,""
2026-09-10T15:09:31.818Z,EZE_CCS,gol,2026-11-09,60,2075,BRL,,true,""
2026-09-10T15:09:56.867Z,CCS_EZE,avianca,2026-09-11,1,1865.8,USD,,true,""
2026-09-10T15:10:09.615Z,CCS_EZE,avianca,2026-09-12,2,649.3,USD,,true,""
2026-09-10T15:10:19.975Z,CCS_EZE,avianca,2026-09-13,3,991.2,USD,,true,""
2026-09-10T15:10:31.460Z,CCS_EZE,avianca,2026-09-14,4,609.8,USD,,true,""
2026-09-10T15:10:41.578Z,CCS_EZE,avianca,2026-09-15,5,576.9,USD,,true,""
2026-09-10T15:10:52.429Z,CCS_EZE,avianca,2026-09-16,6,807.1,USD,,true,""
2026-09-10T15:11:03.174Z,CCS_EZE,avianca,2026-09-17,7,576.9,USD,,true,""
2026-09-10T15:11:13.906Z,CCS_EZE,avianca,2026-09-18,8,1865.8,USD,,true,""
2026-09-10T15:11:24.212Z,CCS_EZE,avianca,2026-09-19,9,2050,USD,,true,""
2026-09-10T15:11:34.657Z,CCS_EZE,avianca,2026-09-20,10,1708.1,USD,,true,""
2026-09-10T15:11:46.188Z,CCS_EZE,avianca,2026-09-21,11,1708.1,USD,,true,""
2026-09-10T15:11:56.294Z,CCS_EZE,avianca,2026-09-22,12,1333.3,USD,,true,""
2026-09-10T15:12:06.781Z,CCS_EZE,avianca,2026-09-23,13,1333.3,USD,,true,""
2026-09-10T15:12:17.663Z,CCS_EZE,avianca,2026-09-24,14,1333.3,USD,,true,""
2026-09-10T15:12:28.021Z,CCS_EZE,avianca,2026-09-25,15,1215,USD,,true,""
2026-09-10T15:12:38.385Z,CCS_EZE,avianca,2026-09-26,16,1866,USD,,true,""
2026-09-10T15:12:48.627Z,CCS_EZE,avianca,2026-09-27,17,2050,USD,,true,""
2026-09-10T15:12:58.941Z,CCS_EZE,avianca,2026-09-28,18,1333.1,USD,,true,""
2026-09-10T15:13:09.364Z,CCS_EZE,avianca,2026-09-29,19,1103.2,USD,,true,""
2026-09-10T15:13:19.783Z,CCS_EZE,avianca,2026-09-30,20,1333.3,USD,,true,""
2026-09-10T15:13:30.420Z,CCS_EZE,avianca,2026-10-01,21,1333.3,USD,,true,""
2026-09-10T15:13:42.456Z,CCS_EZE,avianca,2026-10-02,22,1333.3,USD,,true,""
2026-09-10T15:13:54.976Z,CCS_EZE,avianca,2026-10-03,23,885.9,USD,,true,""
2026-09-10T15:14:06.221Z,CCS_EZE,avianca,2026-10-04,24,1333.1,USD,,true,""
2026-09-10T15:14:16.527Z,CCS_EZE,avianca,2026-10-05,25,1215,USD,,true,""
2026-09-10T15:14:27.958Z,CCS_EZE,avianca,2026-10-06,26,1215,USD,,true,""
2026-09-10T15:14:37.916Z,CCS_EZE,avianca,2026-10-07,27,886.1,USD,,true,""
2026-09-10T15:14:48.063Z,CCS_EZE,avianca,2026-10-08,28,1215,USD,,true,""
2026-09-10T15:14:58.163Z,CCS_EZE,avianca,2026-10-09,29,1103.2,USD,,true,""
2026-09-10T15:15:10.047Z,CCS_EZE,avianca,2026-10-10,30,574.2,USD,,true,""
2026-09-10T15:15:22.093Z,CCS_EZE,avianca,2026-11-09,60,809.5,USD,,true,""
2026-09-10T15:15:33.951Z,CCS_EZE,gol,2026-09-11,1,,BRL,,true,""
2026-09-10T15:15:58.823Z,CCS_EZE,gol,2026-09-12,2,,BRL,,true,""
2026-09-10T15:17:12.762Z,CCS_EZE,gol,2026-09-13,3,,BRL,,true,""
2026-09-10T15:17:38.446Z,CCS_EZE,gol,2026-09-14,4,,BRL,,true,""
2026-09-10T15:18:02.067Z,CCS_EZE,gol,2026-09-15,5,2962,BRL,,true,""
2026-09-10T15:18:27.352Z,CCS_EZE,gol,2026-09-16,6,,BRL,,true,""
2026-09-10T15:18:50.471Z,CCS_EZE,gol,2026-09-17,7,2962,BRL,,true,""
2026-09-10T15:19:56.282Z,CCS_EZE,gol,2026-09-18,8,,BRL,,true,""
2026-09-10T15:20:19.206Z,CCS_EZE,gol,2026-09-19,9,,BRL,,true,""
2026-09-10T15:20:46.130Z,CCS_EZE,gol,2026-09-20,10,2190,BRL,,true,""
2026-09-10T15:21:09.895Z,CCS_EZE,gol,2026-09-21,11,,BRL,,true,""
2026-09-10T15:21:35.078Z,CCS_EZE,gol,2026-09-22,12,2190,BRL,,true,""
2026-09-10T15:22:02.129Z,CCS_EZE,gol,2026-09-23,13,,BRL,,true,""
2026-09-10T15:22:25.668Z,CCS_EZE,gol,2026-09-24,14,3757,BRL,,true,""
2026-09-10T15:22:49.211Z,CCS_EZE,gol,2026-09-25,15,,BRL,,true,""
2026-09-10T15:23:14.343Z,CCS_EZE,gol,2026-09-26,16,,BRL,,true,""
2026-09-10T15:25:33.974Z,CCS_EZE,gol,2026-09-27,17,2962,BRL,,true,""
2026-09-10T15:26:39.749Z,CCS_EZE,gol,2026-09-28,18,,BRL,,true,""
2026-09-10T15:27:06.104Z,CCS_EZE,gol,2026-09-29,19,2190,BRL,,true,""
2026-09-10T15:27:34.603Z,CCS_EZE,gol,2026-09-30,20,,BRL,,true,""
2026-09-10T15:28:44.162Z,CCS_EZE,gol,2026-10-01,21,2190,BRL,,true,""
2026-09-10T15:29:08.942Z,CCS_EZE,gol,2026-10-02,22,,BRL,,true,""
2026-09-10T15:29:34.659Z,CCS_EZE,gol,2026-10-03,23,,BRL,,true,""
2026-09-10T15:29:58.965Z,CCS_EZE,gol,2026-10-04,24,2962,BRL,,true,""
2026-09-10T15:30:23.195Z,CCS_EZE,gol,2026-10-05,25,,BRL,,true,""
2026-09-10T15:30:46.101Z,CCS_EZE,gol,2026-10-06,26,2962,BRL,,true,""
2026-09-10T15:31:15.485Z,CCS_EZE,gol,2026-10-07,27,,BRL,,true,""
2026-09-10T15:31:39.450Z,CCS_EZE,gol,2026-10-08,28,2962,BRL,,true,""
2026-09-10T15:32:03.299Z,CCS_EZE,gol,2026-10-09,29,,BRL,,true,""
2026-09-10T15:32:27.302Z,CCS_EZE,gol,2026-10-10,30,,BRL,,true,""
2026-09-10T15:32:53.363Z,CCS_EZE,gol,2026-11-09,60,,BRL,,true,""
