fecha_busqueda,ruta,aerolinea,fecha_vuelo,dias_anticipacion,precio,moneda,hora_salida,ok,error,operador,fuente,nota
2026-09-30T12:21:23.529Z,BUE_MIA,copa,2026-10-01,1,682,USD,14:49,true,,,google_flights,
2026-09-30T12:21:55.449Z,BUE_MIA,latam,2026-10-01,1,387,USD,16:45,true,,"Latam Airlines Brasil, Latam Airlines Brasil",google_flights,
2026-09-30T12:23:07.556Z,BUE_MIA,copa,2026-10-02,2,543,USD,4:15,true,,,google_flights,
2026-09-30T12:23:51.884Z,BUE_MIA,latam,2026-10-02,2,387,USD,2:15,true,,"Latam Airlines Brasil, Latam Airlines Brasil",google_flights,
2026-09-30T12:25:05.985Z,BUE_MIA,copa,2026-10-03,3,543,USD,8:59,true,,,google_flights,
2026-09-30T12:25:38.999Z,BUE_MIA,latam,2026-10-03,3,387,USD,12:15,true,,"Latam Airlines Group, Latam Airlines Group",google_flights,
2026-09-30T12:26:44.415Z,BUE_MIA,copa,2026-10-04,4,543,USD,8:59,true,,,google_flights,1 de 2 página(s) de reserva fallaron: el vuelo ya no aparece en la lista al volver a la búsqueda
2026-09-30T12:27:35.517Z,BUE_MIA,latam,2026-10-04,4,,USD,,false,no cargó ninguna página de reserva: el vuelo ya no aparece en la lista al volver a la búsqueda,,google_flights,
2026-09-30T12:28:25.230Z,BUE_MIA,copa,2026-10-05,5,,USD,,true,,,google_flights,Copa no tiene vuelos con precio en la lista de Google Flights (con 1 escala)
2026-09-30T12:28:25.230Z,BUE_MIA,latam,2026-10-05,5,,USD,,true,,,google_flights,LATAM no tiene vuelos con precio en la lista de Google Flights (con 1 escala)
2026-09-30T12:28:56.469Z,BUE_MIA,copa,2026-10-06,6,,USD,,true,,,google_flights,Copa no tiene vuelos con precio en la lista de Google Flights (con 1 escala)
2026-09-30T12:28:56.470Z,BUE_MIA,latam,2026-10-06,6,,USD,,true,,,google_flights,LATAM no tiene vuelos con precio en la lista de Google Flights (con 1 escala)
2026-09-30T12:29:12.225Z,BUE_MIA,copa,2026-10-07,7,469,USD,2:17,true,,,google_flights,
2026-09-30T12:29:48.813Z,BUE_MIA,latam,2026-10-07,7,595,USD,2:15,true,,"Latam Airlines Brasil, Latam Airlines Brasil",google_flights,
2026-09-30T12:31:03.601Z,BUE_MIA,copa,2026-10-08,8,469,USD,14:49,true,,,google_flights,
2026-09-30T12:31:50.199Z,BUE_MIA,latam,2026-10-08,8,595,USD,2:15,true,,"Latam Airlines Brasil, Latam Airlines Brasil",google_flights,
2026-09-30T12:33:00.983Z,BUE_MIA,copa,2026-10-09,9,469,USD,3:48,true,,,google_flights,
2026-09-30T12:33:32.894Z,BUE_MIA,latam,2026-10-09,9,719,USD,2:15,true,,"Latam Airlines Brasil, Latam Airlines Brasil",google_flights,
2026-09-30T12:34:45.394Z,BUE_MIA,copa,2026-10-10,10,508,USD,5:25,true,,,google_flights,
2026-09-30T12:35:21.720Z,BUE_MIA,latam,2026-10-10,10,,USD,,true,,,google_flights,"LATAM no aparece como vendedor en sus 2 vuelo(s) más barato(s) (vendían: Delta, Travomint)"
2026-09-30T12:36:27.717Z,BUE_MIA,copa,2026-10-11,11,671,USD,3:48,true,,,google_flights,
2026-09-30T12:37:09.230Z,BUE_MIA,latam,2026-10-11,11,801,USD,12:55,true,,"Latam Airlines Brasil, Latam Airlines Brasil",google_flights,
2026-09-30T12:38:23.378Z,BUE_MIA,copa,2026-10-12,12,469,USD,8:59,true,,,google_flights,
2026-09-30T12:39:11.941Z,BUE_MIA,latam,2026-10-12,12,719,USD,21:00,true,,"Latam Airlines Group, Latam Airlines Group",google_flights,
2026-09-30T12:40:20.602Z,BUE_MIA,copa,2026-10-13,13,469,USD,3:48,true,,,google_flights,
2026-09-30T12:40:51.958Z,BUE_MIA,latam,2026-10-13,13,485,USD,12:15,true,,"Latam Airlines Group, Latam Airlines Group",google_flights,
2026-09-30T12:42:02.888Z,BUE_MIA,copa,2026-10-14,14,469,USD,0:10,true,,,google_flights,
2026-09-30T12:42:40.135Z,BUE_MIA,latam,2026-10-14,14,387,USD,12:15,true,,"Latam Airlines Group, Latam Airlines Group",google_flights,
2026-09-30T12:43:54.666Z,BUE_MIA,copa,2026-10-15,15,469,USD,14:49,true,,,google_flights,
2026-09-30T12:44:32.520Z,BUE_MIA,latam,2026-10-15,15,595,USD,2:15,true,,"Latam Airlines Brasil, Latam Airlines Brasil",google_flights,
2026-09-30T12:45:44.980Z,BUE_MIA,copa,2026-10-16,16,469,USD,4:15,true,,,google_flights,
2026-09-30T12:46:25.404Z,BUE_MIA,latam,2026-10-16,16,521,USD,2:15,true,,"Latam Airlines Brasil, Latam Airlines Brasil",google_flights,
2026-09-30T12:47:59.001Z,BUE_MIA,copa,2026-10-17,17,508,USD,14:49,true,,,google_flights,
2026-09-30T12:48:38.607Z,BUE_MIA,latam,2026-10-17,17,595,USD,2:15,true,,"Latam Airlines Brasil, Latam Airlines Brasil",google_flights,
2026-09-30T12:49:48.279Z,BUE_MIA,copa,2026-10-18,18,469,USD,4:15,true,,,google_flights,
2026-09-30T12:50:26.666Z,BUE_MIA,latam,2026-10-18,18,,USD,,true,,,google_flights,"LATAM no aparece como vendedor en sus 2 vuelo(s) más barato(s) (vendían: Delta, Travomint)"
2026-09-30T12:51:28.324Z,BUE_MIA,copa,2026-10-19,19,469,USD,3:48,true,,,google_flights,
2026-09-30T12:52:03.310Z,BUE_MIA,latam,2026-10-19,19,387,USD,12:15,true,,"Latam Airlines Group, Latam Airlines Group",google_flights,
2026-09-30T12:53:15.630Z,BUE_MIA,copa,2026-10-20,20,469,USD,3:48,true,,,google_flights,
2026-09-30T12:53:57.433Z,BUE_MIA,latam,2026-10-20,20,387,USD,3:55,true,,"Latam Airlines Peru, Latam Airlines Peru",google_flights,
2026-09-30T12:55:06.624Z,BUE_MIA,copa,2026-10-21,21,469,USD,8:59,true,,,google_flights,
2026-09-30T12:55:41.624Z,BUE_MIA,latam,2026-10-21,21,387,USD,19:21,true,,"Latam Airlines Group, Latam Airlines Group",google_flights,
2026-09-30T12:57:01.430Z,BUE_MIA,copa,2026-10-22,22,469,USD,3:48,true,,,google_flights,
2026-09-30T12:57:37.958Z,BUE_MIA,latam,2026-10-22,22,387,USD,3:55,true,,"Latam Airlines Peru, Latam Airlines Peru",google_flights,
2026-09-30T12:58:45.914Z,BUE_MIA,copa,2026-10-23,23,469,USD,4:15,true,,,google_flights,
2026-09-30T12:59:22.898Z,BUE_MIA,latam,2026-10-23,23,485,USD,2:15,true,,"Latam Airlines Brasil, Latam Airlines Brasil",google_flights,
2026-09-30T13:00:33.870Z,BUE_MIA,copa,2026-10-24,24,469,USD,4:15,true,,,google_flights,
2026-09-30T13:01:17.111Z,BUE_MIA,latam,2026-10-24,24,595,USD,2:15,true,,"Latam Airlines Brasil, Latam Airlines Brasil",google_flights,
2026-09-30T13:02:36.498Z,BUE_MIA,copa,2026-10-25,25,,USD,,true,,,google_flights,Copa no tiene vuelos con precio en la lista de Google Flights (con 1 escala)
2026-09-30T13:02:36.498Z,BUE_MIA,latam,2026-10-25,25,801,USD,20:05,true,,"Latam Airlines Peru, Latam Airlines Peru",google_flights,
2026-09-30T13:03:37.072Z,BUE_MIA,copa,2026-10-26,26,,USD,,true,,,google_flights,Copa no tiene vuelos con precio en la lista de Google Flights (con 1 escala)
2026-09-30T13:03:37.072Z,BUE_MIA,latam,2026-10-26,26,,USD,,true,,,google_flights,"LATAM no aparece como vendedor en sus 2 vuelo(s) más barato(s) (vendían: Delta, Travomint)"
2026-09-30T13:04:34.584Z,BUE_MIA,copa,2026-10-27,27,,USD,,true,,,google_flights,Copa no tiene vuelos con precio en la lista de Google Flights (con 1 escala)
2026-09-30T13:04:34.584Z,BUE_MIA,latam,2026-10-27,27,595,USD,4:00,true,,"Latam Airlines Peru, Latam Airlines Peru",google_flights,
2026-09-30T13:05:26.104Z,BUE_MIA,copa,2026-10-28,28,,USD,,true,,,google_flights,Copa no tiene vuelos con precio en la lista de Google Flights (con 1 escala)
2026-09-30T13:05:26.104Z,BUE_MIA,latam,2026-10-28,28,387,USD,20:05,true,,"Latam Airlines Peru, Latam Airlines Peru",google_flights,
2026-09-30T13:06:24.718Z,BUE_MIA,copa,2026-10-29,29,,USD,,true,,,google_flights,Copa no tiene vuelos con precio en la lista de Google Flights (con 1 escala)
2026-09-30T13:06:24.718Z,BUE_MIA,latam,2026-10-29,29,646,USD,2:05,true,,"Latam Airlines Brasil, Latam Airlines Brasil",google_flights,
2026-09-30T13:07:22.821Z,BUE_MIA,copa,2026-10-30,30,,USD,,true,,,google_flights,Copa no tiene vuelos con precio en la lista de Google Flights (con 1 escala)
2026-09-30T13:07:22.821Z,BUE_MIA,latam,2026-10-30,30,801,USD,2:05,true,,"Latam Airlines Brasil, Latam Airlines Brasil",google_flights,
2026-09-30T13:08:20.022Z,BUE_MIA,copa,2026-11-29,60,805,USD,0:05,true,,,google_flights,
2026-09-30T13:08:55.311Z,BUE_MIA,latam,2026-11-29,60,,USD,,true,,,google_flights,"LATAM no aparece como vendedor en sus 2 vuelo(s) más barato(s) (vendían: Delta, Travomint)"
2026-09-30T13:10:02.815Z,MIA_BUE,copa,2026-10-01,1,697,USD,14:05,true,,,google_flights,
2026-09-30T13:10:40.307Z,MIA_BUE,latam,2026-10-01,1,696,USD,10:50,true,,"Latam Airlines Brasil, Latam Airlines Brasil",google_flights,
2026-09-30T13:11:47.302Z,MIA_BUE,copa,2026-10-02,2,697,USD,14:05,true,,,google_flights,
2026-09-30T13:12:36.636Z,MIA_BUE,latam,2026-10-02,2,734,USD,0:15,true,,"Latam Airlines Peru, Latam Airlines Peru",google_flights,
2026-09-30T13:13:45.372Z,MIA_BUE,copa,2026-10-03,3,745,USD,8:25,true,,,google_flights,
2026-09-30T13:14:27.938Z,MIA_BUE,latam,2026-10-03,3,,USD,,true,,,google_flights,"LATAM no aparece como vendedor en sus 2 vuelo(s) más barato(s) (vendían: Delta, AranGrant, FlightHub, OneTravel, Justfly.com)"
2026-09-30T13:15:38.851Z,MIA_BUE,copa,2026-10-04,4,,USD,,true,,,google_flights,"Copa no aparece como vendedor en sus 2 vuelo(s) más barato(s) (vendían: AranGrant, Ovago)"
2026-09-30T13:16:11.163Z,MIA_BUE,latam,2026-10-04,4,734,USD,0:15,true,,"Latam Airlines Peru, Latam Airlines Peru",google_flights,
2026-09-30T13:17:20.523Z,MIA_BUE,copa,2026-10-05,5,697,USD,18:31,true,,,google_flights,
2026-09-30T13:17:55.335Z,MIA_BUE,latam,2026-10-05,5,696,USD,10:50,true,,"Latam Airlines Brasil, Latam Airlines Brasil",google_flights,
2026-09-30T13:19:11.489Z,MIA_BUE,copa,2026-10-06,6,697,USD,14:01,true,,,google_flights,
2026-09-30T13:19:53.483Z,MIA_BUE,latam,2026-10-06,6,696,USD,0:15,true,,"Latam Airlines Peru, Latam Airlines Peru",google_flights,
2026-09-30T13:21:14.344Z,MIA_BUE,copa,2026-10-07,7,,USD,,true,,,google_flights,"Copa no aparece como vendedor en sus 2 vuelo(s) más barato(s) (vendían: AranGrant, Ovago)"
2026-09-30T13:21:57.714Z,MIA_BUE,latam,2026-10-07,7,474,USD,10:50,true,,"Latam Airlines Brasil, Latam Airlines Brasil",google_flights,
2026-09-30T13:23:08.151Z,MIA_BUE,copa,2026-10-08,8,380,USD,14:01,true,,,google_flights,
2026-09-30T13:23:54.788Z,MIA_BUE,latam,2026-10-08,8,614,USD,10:50,true,,"Latam Airlines Brasil, Latam Airlines Brasil",google_flights,
2026-09-30T13:25:19.459Z,MIA_BUE,copa,2026-10-09,9,380,USD,14:01,true,,,google_flights,
2026-09-30T13:26:01.804Z,MIA_BUE,latam,2026-10-09,9,614,USD,0:15,true,,"Latam Airlines Peru, Latam Airlines Peru",google_flights,
2026-09-30T13:27:24.122Z,MIA_BUE,copa,2026-10-10,10,408,USD,14:01,true,,,google_flights,
2026-09-30T13:28:11.040Z,MIA_BUE,latam,2026-10-10,10,474,USD,10:50,true,,"Latam Airlines Brasil, Latam Airlines Brasil",google_flights,
2026-09-30T13:29:35.624Z,MIA_BUE,copa,2026-10-11,11,745,USD,12:25,true,,,google_flights,
2026-09-30T13:30:09.049Z,MIA_BUE,latam,2026-10-11,11,474,USD,10:50,true,,"Latam Airlines Brasil, Latam Airlines Brasil",google_flights,
2026-09-30T13:31:22.011Z,MIA_BUE,copa,2026-10-12,12,697,USD,14:01,true,,,google_flights,
2026-09-30T13:32:03.967Z,MIA_BUE,latam,2026-10-12,12,,USD,,true,,,google_flights,"LATAM no aparece como vendedor en sus 2 vuelo(s) más barato(s) (vendían: Delta, AranGrant, FlightHub, OneTravel, Justfly.com)"
2026-09-30T13:33:21.250Z,MIA_BUE,copa,2026-10-13,13,697,USD,14:01,true,,,google_flights,
2026-09-30T13:34:02.759Z,MIA_BUE,latam,2026-10-13,13,,USD,,true,,,google_flights,"LATAM no aparece como vendedor en sus 2 vuelo(s) más barato(s) (vendían: Delta, FlightHub, OneTravel, Justfly.com, Ovago)"
2026-09-30T13:35:18.056Z,MIA_BUE,copa,2026-10-14,14,745,USD,8:25,true,,,google_flights,
2026-09-30T13:35:53.741Z,MIA_BUE,latam,2026-10-14,14,544,USD,10:50,true,,"Latam Airlines Brasil, Latam Airlines Brasil",google_flights,
2026-09-30T13:37:03.624Z,MIA_BUE,copa,2026-10-15,15,745,USD,8:25,true,,,google_flights,
2026-09-30T13:37:48.838Z,MIA_BUE,latam,2026-10-15,15,544,USD,10:50,true,,"Latam Airlines Brasil, Latam Airlines Brasil",google_flights,
2026-09-30T13:38:59.591Z,MIA_BUE,copa,2026-10-16,16,,USD,,true,,,google_flights,"Copa no aparece como vendedor en sus 2 vuelo(s) más barato(s) (vendían: AranGrant, Ovago)"
2026-09-30T13:39:40.887Z,MIA_BUE,latam,2026-10-16,16,544,USD,19:40,true,,"Latam Airlines Brasil, Latam Airlines Brasil",google_flights,
2026-09-30T13:40:53.765Z,MIA_BUE,copa,2026-10-17,17,745,USD,12:25,true,,,google_flights,
2026-09-30T13:41:29.159Z,MIA_BUE,latam,2026-10-17,17,614,USD,16:55,true,,"Latam Airlines Peru, Latam Airlines Peru",google_flights,
2026-09-30T13:42:50.461Z,MIA_BUE,copa,2026-10-18,18,,USD,,true,,,google_flights,"Copa no aparece como vendedor en sus 2 vuelo(s) más barato(s) (vendían: AranGrant, Ovago)"
2026-09-30T13:43:23.446Z,MIA_BUE,latam,2026-10-18,18,,USD,,true,,,google_flights,"LATAM no aparece como vendedor en sus 2 vuelo(s) más barato(s) (vendían: Delta, AranGrant, FlightHub, OneTravel, Justfly.com)"
2026-09-30T13:44:44.819Z,MIA_BUE,copa,2026-10-19,19,380,USD,14:01,true,,,google_flights,
2026-09-30T13:45:21.089Z,MIA_BUE,latam,2026-10-19,19,614,USD,17:10,true,,"Latam Airlines Peru, Latam Airlines Peru",google_flights,
2026-09-30T13:46:46.397Z,MIA_BUE,copa,2026-10-20,20,,USD,,true,,,google_flights,"Copa no aparece como vendedor en sus 2 vuelo(s) más barato(s) (vendían: AranGrant, Ovago)"
2026-09-30T13:47:25.710Z,MIA_BUE,latam,2026-10-20,20,419,USD,20:25,true,,"Latam Airlines Group, Latam Airlines Group",google_flights,
2026-09-30T13:48:42.828Z,MIA_BUE,copa,2026-10-21,21,697,USD,5:57,true,,,google_flights,
2026-09-30T13:49:22.798Z,MIA_BUE,latam,2026-10-21,21,474,USD,19:40,true,,"Latam Airlines Brasil, Latam Airlines Brasil",google_flights,
2026-09-30T13:50:35.037Z,MIA_BUE,copa,2026-10-22,22,697,USD,5:57,true,,,google_flights,
2026-09-30T13:51:13.692Z,MIA_BUE,latam,2026-10-22,22,544,USD,10:50,true,,"Latam Airlines Brasil, Latam Airlines Brasil",google_flights,
2026-09-30T13:52:25.107Z,MIA_BUE,copa,2026-10-23,23,697,USD,5:57,true,,,google_flights,
2026-09-30T13:53:12.103Z,MIA_BUE,latam,2026-10-23,23,544,USD,1:45,true,,"Latam Airlines Peru, Latam Airlines Peru",google_flights,
2026-09-30T13:54:20.814Z,MIA_BUE,copa,2026-10-24,24,,USD,,true,,,google_flights,"Copa no aparece como vendedor en sus 2 vuelo(s) más barato(s) (vendían: AranGrant, Ovago)"
2026-09-30T13:55:00.923Z,MIA_BUE,latam,2026-10-24,24,544,USD,17:10,true,,"Latam Airlines Peru, Latam Airlines Peru",google_flights,
2026-09-30T13:56:10.036Z,MIA_BUE,copa,2026-10-25,25,745,USD,8:31,true,,,google_flights,
2026-09-30T13:56:47.768Z,MIA_BUE,latam,2026-10-25,25,544,USD,20:10,true,,"Latam Airlines Group, Latam Airlines Group",google_flights,
2026-09-30T13:58:07.167Z,MIA_BUE,copa,2026-10-26,26,760,USD,5:40,true,,,google_flights,
2026-09-30T13:58:47.629Z,MIA_BUE,latam,2026-10-26,26,474,USD,0:10,true,,"Latam Airlines Peru, Latam Airlines Peru",google_flights,
2026-09-30T14:00:06.097Z,MIA_BUE,copa,2026-10-27,27,697,USD,5:40,true,,,google_flights,
2026-09-30T14:00:47.795Z,MIA_BUE,latam,2026-10-27,27,379,USD,0:10,true,,"Latam Airlines Peru, Latam Airlines Peru",google_flights,
2026-09-30T14:02:05.771Z,MIA_BUE,copa,2026-10-28,28,,USD,,true,,,google_flights,"Copa no aparece como vendedor en sus 2 vuelo(s) más barato(s) (vendían: AranGrant, Ovago)"
2026-09-30T14:02:54.209Z,MIA_BUE,latam,2026-10-28,28,474,USD,0:10,true,,"Latam Airlines Peru, Latam Airlines Peru",google_flights,
2026-09-30T14:04:09.355Z,MIA_BUE,copa,2026-10-29,29,745,USD,8:31,true,,,google_flights,
2026-09-30T14:04:48.731Z,MIA_BUE,latam,2026-10-29,29,,USD,,true,,,google_flights,"LATAM no aparece como vendedor en sus 2 vuelo(s) más barato(s) (vendían: Delta, FlightHub, OneTravel, Justfly.com, Ovago)"
2026-09-30T14:06:05.786Z,MIA_BUE,copa,2026-10-30,30,760,USD,13:56,true,,,google_flights,
2026-09-30T14:06:46.379Z,MIA_BUE,latam,2026-10-30,30,544,USD,21:35,true,,"Latam Airlines Group, Latam Airlines Group",google_flights,
2026-09-30T14:07:59.186Z,MIA_BUE,copa,2026-11-29,60,473,USD,4:41,true,,,google_flights,
2026-09-30T14:08:39.286Z,MIA_BUE,latam,2026-11-29,60,419,USD,20:25,true,,"Latam Airlines Group, Latam Airlines Group",google_flights,
2026-10-01T14:23:02.340Z,BUE_MIA,copa,2026-10-02,1,542,USD,0:10,true,,,google_flights,
2026-10-01T14:23:43.939Z,BUE_MIA,latam,2026-10-02,1,387,USD,2:15,true,,"Latam Airlines Brasil, Latam Airlines Brasil",google_flights,
2026-10-01T14:24:55.709Z,BUE_MIA,copa,2026-10-03,2,542,USD,8:59,true,,,google_flights,
2026-10-01T14:25:41.160Z,BUE_MIA,latam,2026-10-03,2,387,USD,12:15,true,,"Latam Airlines Group, Latam Airlines Group",google_flights,
2026-10-01T14:26:55.047Z,BUE_MIA,copa,2026-10-04,3,542,USD,8:59,true,,,google_flights,
2026-10-01T14:27:26.762Z,BUE_MIA,latam,2026-10-04,3,387,USD,22:30,true,,"Latam Airlines Group, Latam Airlines Group",google_flights,
2026-10-01T14:28:34.726Z,BUE_MIA,copa,2026-10-05,4,503,USD,3:50,true,,,google_flights,
2026-10-01T14:29:14.014Z,BUE_MIA,latam,2026-10-05,4,387,USD,21:00,true,,"Latam Airlines Group, Latam Airlines Group",google_flights,
2026-10-01T14:30:21.542Z,BUE_MIA,copa,2026-10-06,5,503,USD,14:49,true,,,google_flights,
2026-10-01T14:30:58.501Z,BUE_MIA,latam,2026-10-06,5,484,USD,3:55,true,,"Latam Airlines Peru, Latam Airlines Peru",google_flights,
2026-10-01T14:32:08.600Z,BUE_MIA,copa,2026-10-07,6,503,USD,2:17,true,,,google_flights,
2026-10-01T14:32:48.854Z,BUE_MIA,latam,2026-10-07,6,595,USD,2:15,true,,"Latam Airlines Brasil, Latam Airlines Brasil",google_flights,
2026-10-01T14:33:55.671Z,BUE_MIA,copa,2026-10-08,7,468,USD,5:25,true,,,google_flights,
2026-10-01T14:34:35.314Z,BUE_MIA,latam,2026-10-08,7,601,USD,12:15,true,,"Latam Airlines Group, Latam Airlines Group",google_flights,
2026-10-01T14:36:05.859Z,BUE_MIA,copa,2026-10-09,8,468,USD,14:49,true,,,google_flights,
2026-10-01T14:36:44.608Z,BUE_MIA,latam,2026-10-09,8,719,USD,2:15,true,,"Latam Airlines Brasil, Latam Airlines Brasil",google_flights,
2026-10-01T14:37:52.963Z,BUE_MIA,copa,2026-10-10,9,507,USD,5:25,true,,,google_flights,
2026-10-01T14:38:30.403Z,BUE_MIA,latam,2026-10-10,9,679,USD,21:45,true,,"Latam Airlines Brasil, Latam Airlines Brasil",google_flights,
2026-10-01T14:39:48.744Z,BUE_MIA,copa,2026-10-11,10,507,USD,8:59,true,,,google_flights,
2026-10-01T14:40:29.268Z,BUE_MIA,latam,2026-10-11,10,591,USD,21:00,true,,"Latam Airlines Group, Latam Airlines Group",google_flights,
2026-10-01T14:41:37.879Z,BUE_MIA,copa,2026-10-12,11,595,USD,14:49,true,,,google_flights,
2026-10-01T14:42:26.251Z,BUE_MIA,latam,2026-10-12,11,387,USD,22:30,true,,"Latam Airlines Group, Latam Airlines Group",google_flights,
2026-10-01T14:43:34.642Z,BUE_MIA,copa,2026-10-13,12,468,USD,14:49,true,,,google_flights,
2026-10-01T14:44:07.748Z,BUE_MIA,latam,2026-10-13,12,387,USD,19:21,true,,"Latam Airlines Group, Latam Airlines Group",google_flights,
2026-10-01T14:45:13.440Z,BUE_MIA,copa,2026-10-14,13,468,USD,0:10,true,,,google_flights,
2026-10-01T14:45:53.243Z,BUE_MIA,latam,2026-10-14,13,387,USD,19:21,true,,"Latam Airlines Group, Latam Airlines Group",google_flights,
2026-10-01T14:47:02.105Z,BUE_MIA,copa,2026-10-15,14,468,USD,14:49,true,,,google_flights,
2026-10-01T14:47:40.015Z,BUE_MIA,latam,2026-10-15,14,,USD,,true,,,google_flights,"LATAM no aparece como vendedor en sus 2 vuelo(s) más barato(s) (vendían: Delta, Travomint)"
2026-10-01T14:48:47.226Z,BUE_MIA,copa,2026-10-16,15,468,USD,4:15,true,,,google_flights,
2026-10-01T14:49:20.231Z,BUE_MIA,latam,2026-10-16,15,477,USD,2:15,true,,"Latam Airlines Brasil, Latam Airlines Brasil",google_flights,
2026-10-01T14:50:26.776Z,BUE_MIA,copa,2026-10-17,16,507,USD,14:49,true,,,google_flights,
2026-10-01T14:51:07.124Z,BUE_MIA,latam,2026-10-17,16,484,USD,21:45,true,,"Latam Airlines Brasil, Latam Airlines Brasil",google_flights,
2026-10-01T14:52:19.920Z,BUE_MIA,copa,2026-10-18,17,468,USD,4:15,true,,,google_flights,
2026-10-01T14:52:59.526Z,BUE_MIA,latam,2026-10-18,17,458,USD,2:15,true,,"Latam Airlines Brasil, Latam Airlines Brasil",google_flights,
2026-10-01T14:54:04.235Z,BUE_MIA,copa,2026-10-19,18,468,USD,3:48,true,,,google_flights,
2026-10-01T14:54:41.705Z,BUE_MIA,latam,2026-10-19,18,387,USD,15:45,true,,"Latam Airlines Group, Latam Airlines Group",google_flights,
2026-10-01T14:55:53.307Z,BUE_MIA,copa,2026-10-20,19,468,USD,8:59,true,,,google_flights,
2026-10-01T14:56:33.190Z,BUE_MIA,latam,2026-10-20,19,387,USD,15:45,true,,"Latam Airlines Group, Latam Airlines Group",google_flights,
2026-10-01T14:57:43.269Z,BUE_MIA,copa,2026-10-21,20,468,USD,0:10,true,,,google_flights,
2026-10-01T14:58:27.395Z,BUE_MIA,latam,2026-10-21,20,387,USD,21:00,true,,"Latam Airlines Group, Latam Airlines Group",google_flights,
2026-10-01T14:59:38.563Z,BUE_MIA,copa,2026-10-22,21,468,USD,3:48,true,,,google_flights,
2026-10-01T15:00:12.174Z,BUE_MIA,latam,2026-10-22,21,387,USD,3:55,true,,"Latam Airlines Peru, Latam Airlines Peru",google_flights,
2026-10-01T15:01:20.026Z,BUE_MIA,copa,2026-10-23,22,468,USD,4:15,true,,,google_flights,
2026-10-01T15:02:04.990Z,BUE_MIA,latam,2026-10-23,22,461,USD,2:15,true,,"Latam Airlines Brasil, Latam Airlines Brasil",google_flights,
2026-10-01T15:03:15.428Z,BUE_MIA,copa,2026-10-24,23,468,USD,4:15,true,,,google_flights,
2026-10-01T15:03:54.143Z,BUE_MIA,latam,2026-10-24,23,548,USD,2:15,true,,"Latam Airlines Brasil, Latam Airlines Brasil",google_flights,
2026-10-01T15:05:08.161Z,BUE_MIA,copa,2026-10-25,24,,USD,,true,,,google_flights,Copa no tiene vuelos con precio en la lista de Google Flights (con 1 escala)
2026-10-01T15:05:08.161Z,BUE_MIA,latam,2026-10-25,24,646,USD,21:45,true,,"Latam Airlines Brasil, Latam Airlines Brasil",google_flights,
2026-10-01T15:06:15.883Z,BUE_MIA,copa,2026-10-26,25,,USD,,true,,,google_flights,Copa no tiene vuelos con precio en la lista de Google Flights (con 1 escala)
2026-10-01T15:06:15.884Z,BUE_MIA,latam,2026-10-26,25,646,USD,20:05,true,,"Latam Airlines Peru, Latam Airlines Peru",google_flights,
2026-10-01T15:07:15.683Z,BUE_MIA,copa,2026-10-27,26,,USD,,true,,,google_flights,Copa no tiene vuelos con precio en la lista de Google Flights (con 1 escala)
2026-10-01T15:07:15.683Z,BUE_MIA,latam,2026-10-27,26,541,USD,4:00,true,,"Latam Airlines Peru, Latam Airlines Peru",google_flights,
2026-10-01T15:08:13.736Z,BUE_MIA,copa,2026-10-28,27,,USD,,true,,,google_flights,Copa no tiene vuelos con precio en la lista de Google Flights (con 1 escala)
2026-10-01T15:08:13.736Z,BUE_MIA,latam,2026-10-28,27,484,USD,8:40,true,,"Latam Airlines Peru, Latam Airlines Peru",google_flights,
2026-10-01T15:09:08.603Z,BUE_MIA,copa,2026-10-29,28,,USD,,true,,,google_flights,Copa no tiene vuelos con precio en la lista de Google Flights (con 1 escala)
2026-10-01T15:09:08.603Z,BUE_MIA,latam,2026-10-29,28,,USD,,true,,,google_flights,"LATAM no aparece como vendedor en sus 2 vuelo(s) más barato(s) (vendían: Delta, Travomint)"
2026-10-01T15:10:05.837Z,BUE_MIA,copa,2026-10-30,29,,USD,,true,,,google_flights,Copa no tiene vuelos con precio en la lista de Google Flights (con 1 escala)
2026-10-01T15:10:05.837Z,BUE_MIA,latam,2026-10-30,29,719,USD,2:05,true,,"Latam Airlines Brasil, Latam Airlines Brasil",google_flights,
2026-10-01T15:11:03.826Z,BUE_MIA,copa,2026-10-31,30,,USD,,true,,,google_flights,Copa no tiene vuelos con precio en la lista de Google Flights (con 1 escala)
2026-10-01T15:11:03.826Z,BUE_MIA,latam,2026-10-31,30,612,USD,20:05,true,,"Latam Airlines Peru, Latam Airlines Peru",google_flights,
2026-10-01T15:11:59.993Z,BUE_MIA,copa,2026-11-30,60,669,USD,0:05,true,,,google_flights,
2026-10-01T15:12:37.490Z,BUE_MIA,latam,2026-11-30,60,,USD,,true,,,google_flights,"LATAM no aparece como vendedor en sus 2 vuelo(s) más barato(s) (vendían: Delta, Travomint)"
2026-10-01T15:13:50.072Z,MIA_BUE,copa,2026-10-02,1,697,USD,14:05,true,,,google_flights,
2026-10-01T15:14:34.745Z,MIA_BUE,latam,2026-10-02,1,657,USD,0:15,true,,"Latam Airlines Peru, Latam Airlines Peru",google_flights,
2026-10-01T15:16:01.731Z,MIA_BUE,copa,2026-10-03,2,745,USD,12:25,true,,,google_flights,
2026-10-01T15:16:43.005Z,MIA_BUE,latam,2026-10-03,2,734,USD,0:15,true,,"Latam Airlines Peru, Latam Airlines Peru",google_flights,
2026-10-01T15:17:56.976Z,MIA_BUE,copa,2026-10-04,3,745,USD,8:25,true,,,google_flights,
2026-10-01T15:18:35.953Z,MIA_BUE,latam,2026-10-04,3,678,USD,16:55,true,,"Latam Airlines Peru, Latam Airlines Peru",google_flights,
2026-10-01T15:19:50.728Z,MIA_BUE,copa,2026-10-05,4,,USD,,true,,,google_flights,"Copa no aparece como vendedor en sus 2 vuelo(s) más barato(s) (vendían: AranGrant, Ovago)"
2026-10-01T15:20:37.498Z,MIA_BUE,latam,2026-10-05,4,681,USD,16:55,true,,"Latam Airlines Peru, Latam Airlines Peru",google_flights,
2026-10-01T15:21:48.351Z,MIA_BUE,copa,2026-10-06,5,697,USD,5:57,true,,,google_flights,
2026-10-01T15:22:33.027Z,MIA_BUE,latam,2026-10-06,5,673,USD,22:30,true,,"Latam Airlines Brasil, Latam Airlines Brasil",google_flights,
2026-10-01T15:23:44.121Z,MIA_BUE,copa,2026-10-07,6,697,USD,18:31,true,,,google_flights,
2026-10-01T15:24:23.487Z,MIA_BUE,latam,2026-10-07,6,649,USD,10:50,true,,"Latam Airlines Brasil, Latam Airlines Brasil",google_flights,
2026-10-01T15:25:40.518Z,MIA_BUE,copa,2026-10-08,7,380,USD,14:01,true,,,google_flights,
2026-10-01T15:26:23.761Z,MIA_BUE,latam,2026-10-08,7,544,USD,10:50,true,,"Latam Airlines Brasil, Latam Airlines Brasil",google_flights,
2026-10-01T15:27:37.425Z,MIA_BUE,copa,2026-10-09,8,380,USD,14:01,true,,,google_flights,
2026-10-01T15:28:22.474Z,MIA_BUE,latam,2026-10-09,8,544,USD,0:15,true,,"Latam Airlines Peru, Latam Airlines Peru",google_flights,
2026-10-01T15:29:36.870Z,MIA_BUE,copa,2026-10-10,9,,USD,,true,,,google_flights,"Copa no aparece como vendedor en sus 2 vuelo(s) más barato(s) (vendían: AranGrant, Ovago)"
2026-10-01T15:30:15.440Z,MIA_BUE,latam,2026-10-10,9,474,USD,19:40,true,,"Latam Airlines Brasil, Latam Airlines Brasil",google_flights,
2026-10-01T15:31:29.126Z,MIA_BUE,copa,2026-10-11,10,745,USD,14:01,true,,,google_flights,
2026-10-01T15:32:15.845Z,MIA_BUE,latam,2026-10-11,10,544,USD,10:50,true,,"Latam Airlines Brasil, Latam Airlines Brasil",google_flights,
2026-10-01T15:33:24.059Z,MIA_BUE,copa,2026-10-12,11,697,USD,14:01,true,,,google_flights,
2026-10-01T15:34:12.367Z,MIA_BUE,latam,2026-10-12,11,,USD,,true,,,google_flights,"LATAM no aparece como vendedor en sus 2 vuelo(s) más barato(s) (vendían: Delta, AranGrant, FlightHub, OneTravel, Justfly.com)"
2026-10-01T15:35:20.659Z,MIA_BUE,copa,2026-10-13,12,697,USD,14:01,true,,,google_flights,
2026-10-01T15:36:00.896Z,MIA_BUE,latam,2026-10-13,12,,USD,,true,,,google_flights,"LATAM no aparece como vendedor en sus 2 vuelo(s) más barato(s) (vendían: Delta, FlightHub, OneTravel, Justfly.com, Ovago)"
2026-10-01T15:37:29.037Z,MIA_BUE,copa,2026-10-14,13,697,USD,14:01,true,,,google_flights,
2026-10-01T15:38:11.728Z,MIA_BUE,latam,2026-10-14,13,544,USD,10:50,true,,"Latam Airlines Brasil, Latam Airlines Brasil",google_flights,
2026-10-01T15:39:24.880Z,MIA_BUE,copa,2026-10-15,14,745,USD,8:25,true,,,google_flights,
2026-10-01T15:40:05.729Z,MIA_BUE,latam,2026-10-15,14,474,USD,10:50,true,,"Latam Airlines Brasil, Latam Airlines Brasil",google_flights,
2026-10-01T15:41:13.017Z,MIA_BUE,copa,2026-10-16,15,,USD,,true,,,google_flights,"Copa no aparece como vendedor en sus 2 vuelo(s) más barato(s) (vendían: AranGrant, Ovago)"
2026-10-01T15:41:59.690Z,MIA_BUE,latam,2026-10-16,15,380,USD,19:40,true,,"Latam Airlines Brasil, Latam Airlines Brasil",google_flights,
2026-10-01T15:43:10.098Z,MIA_BUE,copa,2026-10-17,16,745,USD,6:21,true,,,google_flights,
2026-10-01T15:43:53.476Z,MIA_BUE,latam,2026-10-17,16,714,USD,16:55,true,,"Latam Airlines Peru, Latam Airlines Peru",google_flights,
2026-10-01T15:45:02.527Z,MIA_BUE,copa,2026-10-18,17,745,USD,8:25,true,,,google_flights,
2026-10-01T15:45:44.386Z,MIA_BUE,latam,2026-10-18,17,476,USD,19:40,true,,"Latam Airlines Brasil, Latam Airlines Brasil",google_flights,
2026-10-01T15:46:50.077Z,MIA_BUE,copa,2026-10-19,18,697,USD,6:21,true,,,google_flights,
2026-10-01T15:47:44.116Z,MIA_BUE,latam,2026-10-19,18,419,USD,10:50,true,,"Latam Airlines Brasil, Latam Airlines Brasil",google_flights,
2026-10-01T15:48:59.644Z,MIA_BUE,copa,2026-10-20,19,380,USD,14:01,true,,,google_flights,
2026-10-01T15:49:52.285Z,MIA_BUE,latam,2026-10-20,19,379,USD,20:25,true,,"Latam Airlines Group, Latam Airlines Group",google_flights,
2026-10-01T15:51:12.920Z,MIA_BUE,copa,2026-10-21,20,380,USD,5:57,true,,,google_flights,
2026-10-01T15:51:52.385Z,MIA_BUE,latam,2026-10-21,20,442,USD,19:40,true,,"Latam Airlines Brasil, Latam Airlines Brasil",google_flights,
2026-10-01T15:53:01.795Z,MIA_BUE,copa,2026-10-22,21,697,USD,5:57,true,,,google_flights,
2026-10-01T15:53:42.913Z,MIA_BUE,latam,2026-10-22,21,543,USD,10:50,true,,"Latam Airlines Brasil, Latam Airlines Brasil",google_flights,
2026-10-01T15:54:58.902Z,MIA_BUE,copa,2026-10-23,22,697,USD,5:57,true,,,google_flights,
2026-10-01T15:55:36.811Z,MIA_BUE,latam,2026-10-23,22,,USD,,true,,,google_flights,"LATAM no aparece como vendedor en sus 2 vuelo(s) más barato(s) (vendían: Delta, FlightHub, OneTravel, Justfly.com, Ovago)"
2026-10-01T15:56:55.441Z,MIA_BUE,copa,2026-10-24,23,,USD,,true,,,google_flights,"Copa no aparece como vendedor en sus 2 vuelo(s) más barato(s) (vendían: AranGrant, Ovago)"
2026-10-01T15:57:41.736Z,MIA_BUE,latam,2026-10-24,23,476,USD,19:55,true,,"Latam Airlines Brasil, Latam Airlines Brasil",google_flights,
2026-10-01T15:58:53.823Z,MIA_BUE,copa,2026-10-25,24,745,USD,8:31,true,,,google_flights,
2026-10-01T15:59:37.016Z,MIA_BUE,latam,2026-10-25,24,544,USD,20:10,true,,"Latam Airlines Brasil, Latam Airlines Brasil",google_flights,
2026-10-01T16:00:52.696Z,MIA_BUE,copa,2026-10-26,25,760,USD,5:40,true,,,google_flights,
2026-10-01T16:01:35.541Z,MIA_BUE,latam,2026-10-26,25,521,USD,20:10,true,,"Latam Airlines Brasil, Latam Airlines Brasil",google_flights,
2026-10-01T16:03:01.028Z,MIA_BUE,copa,2026-10-27,26,697,USD,5:40,true,,,google_flights,
2026-10-01T16:03:40.600Z,MIA_BUE,latam,2026-10-27,26,379,USD,0:10,true,,"Latam Airlines Peru, Latam Airlines Peru",google_flights,
2026-10-01T16:04:53.774Z,MIA_BUE,copa,2026-10-28,27,745,USD,8:31,true,,,google_flights,
2026-10-01T16:05:29.927Z,MIA_BUE,latam,2026-10-28,27,506,USD,21:35,true,,"Latam Airlines Group, Latam Airlines Group",google_flights,
2026-10-01T16:06:51.334Z,MIA_BUE,copa,2026-10-29,28,745,USD,8:31,true,,,google_flights,
2026-10-01T16:07:37.757Z,MIA_BUE,latam,2026-10-29,28,544,USD,0:10,true,,"Latam Airlines Peru, Latam Airlines Peru",google_flights,
2026-10-01T16:08:49.016Z,MIA_BUE,copa,2026-10-30,29,808,USD,8:31,true,,,google_flights,
2026-10-01T16:09:35.104Z,MIA_BUE,latam,2026-10-30,29,544,USD,20:10,true,,"Latam Airlines Brasil, Latam Airlines Brasil",google_flights,
2026-10-01T16:10:43.403Z,MIA_BUE,copa,2026-10-31,30,808,USD,5:40,true,,,google_flights,
2026-10-01T16:11:36.176Z,MIA_BUE,latam,2026-10-31,30,614,USD,0:10,true,,"Latam Airlines Peru, Latam Airlines Peru",google_flights,
2026-10-01T16:12:51.338Z,MIA_BUE,copa,2026-11-30,60,745,USD,4:41,true,,,google_flights,
2026-10-01T16:13:35.087Z,MIA_BUE,latam,2026-11-30,60,295,USD,19:10,true,,"Latam Airlines Group, Latam Airlines Group",google_flights,
2026-10-02T13:45:53.042Z,BUE_MIA,copa,2026-10-03,1,682,USD,2:17,true,,,google_flights,
2026-10-02T13:46:28.866Z,BUE_MIA,latam,2026-10-03,1,484,USD,16:45,true,,"Latam Airlines Brasil, Latam Airlines Brasil",google_flights,
2026-10-02T13:47:38.806Z,BUE_MIA,copa,2026-10-04,2,682,USD,0:10,true,,,google_flights,
2026-10-02T13:48:17.406Z,BUE_MIA,latam,2026-10-04,2,484,USD,21:00,true,,"Latam Airlines Group, Latam Airlines Group",google_flights,
2026-10-02T13:49:33.950Z,BUE_MIA,copa,2026-10-05,3,643,USD,4:15,true,,,google_flights,
2026-10-02T13:50:10.697Z,BUE_MIA,latam,2026-10-05,3,,USD,,true,,,google_flights,"LATAM no aparece como vendedor en sus 2 vuelo(s) más barato(s) (vendían: Delta, Travomint)"
2026-10-02T13:51:24.236Z,BUE_MIA,copa,2026-10-06,4,643,USD,3:48,true,,,google_flights,
2026-10-02T13:52:01.646Z,BUE_MIA,latam,2026-10-06,4,484,USD,3:55,true,,"Latam Airlines Peru, Latam Airlines Peru",google_flights,
2026-10-02T13:53:09.783Z,BUE_MIA,copa,2026-10-07,5,643,USD,3:48,true,,,google_flights,
2026-10-02T13:53:51.538Z,BUE_MIA,latam,2026-10-07,5,646,USD,16:45,true,,"Latam Airlines Brasil, Latam Airlines Brasil",google_flights,
2026-10-02T13:55:04.798Z,BUE_MIA,copa,2026-10-08,6,643,USD,5:25,true,,,google_flights,
2026-10-02T13:55:52.410Z,BUE_MIA,latam,2026-10-08,6,516,USD,16:45,true,,"Latam Airlines Brasil, Latam Airlines Brasil",google_flights,
2026-10-02T13:57:02.383Z,BUE_MIA,copa,2026-10-09,7,597,USD,14:49,true,,,google_flights,
2026-10-02T13:57:37.446Z,BUE_MIA,latam,2026-10-09,7,719,USD,2:15,true,,"Latam Airlines Brasil, Latam Airlines Brasil",google_flights,
2026-10-02T13:58:48.397Z,BUE_MIA,copa,2026-10-10,8,636,USD,8:59,true,,,google_flights,
2026-10-02T13:59:24.477Z,BUE_MIA,latam,2026-10-10,8,719,USD,15:45,true,,"Latam Airlines Group, Latam Airlines Group",google_flights,
2026-10-02T14:00:36.425Z,BUE_MIA,copa,2026-10-11,9,636,USD,14:49,true,,,google_flights,
2026-10-02T14:01:17.861Z,BUE_MIA,latam,2026-10-11,9,516,USD,21:00,true,,"Latam Airlines Group, Latam Airlines Group",google_flights,
2026-10-02T14:02:31.187Z,BUE_MIA,copa,2026-10-12,10,597,USD,14:49,true,,,google_flights,
2026-10-02T14:03:17.850Z,BUE_MIA,latam,2026-10-12,10,484,USD,22:30,true,,"Latam Airlines Group, Latam Airlines Group",google_flights,
2026-10-02T14:04:41.632Z,BUE_MIA,copa,2026-10-13,11,597,USD,3:48,true,,,google_flights,
2026-10-02T14:05:17.611Z,BUE_MIA,latam,2026-10-13,11,484,USD,19:21,true,,"Latam Airlines Group, Latam Airlines Group",google_flights,
2026-10-02T14:06:39.297Z,BUE_MIA,copa,2026-10-14,12,597,USD,0:10,true,,,google_flights,
2026-10-02T14:07:15.811Z,BUE_MIA,latam,2026-10-14,12,646,USD,15:45,true,,"Latam Airlines Group, Latam Airlines Group",google_flights,
2026-10-02T14:08:27.506Z,BUE_MIA,copa,2026-10-15,13,597,USD,3:48,true,,,google_flights,
2026-10-02T14:09:09.467Z,BUE_MIA,latam,2026-10-15,13,,USD,,true,,,google_flights,"LATAM no aparece como vendedor en sus 2 vuelo(s) más barato(s) (vendían: Delta, Travomint)"
2026-10-02T14:10:18.787Z,BUE_MIA,copa,2026-10-16,14,597,USD,4:15,true,,,google_flights,
2026-10-02T14:10:59.246Z,BUE_MIA,latam,2026-10-16,14,501,USD,2:15,true,,"Latam Airlines Brasil, Latam Airlines Brasil",google_flights,
2026-10-02T14:12:09.219Z,BUE_MIA,copa,2026-10-17,15,636,USD,0:10,true,,,google_flights,
2026-10-02T14:12:47.715Z,BUE_MIA,latam,2026-10-17,15,517,USD,18:20,true,,"Latam Airlines Brasil, Latam Airlines Brasil",google_flights,
2026-10-02T14:14:21.635Z,BUE_MIA,copa,2026-10-18,16,597,USD,4:15,true,,,google_flights,
2026-10-02T14:15:13.207Z,BUE_MIA,latam,2026-10-18,16,516,USD,2:15,true,,"Latam Airlines Brasil, Latam Airlines Brasil",google_flights,
2026-10-02T14:16:23.115Z,BUE_MIA,copa,2026-10-19,17,597,USD,3:48,true,,,google_flights,
2026-10-02T14:17:01.443Z,BUE_MIA,latam,2026-10-19,17,429,USD,15:45,true,,"Latam Airlines Group, Latam Airlines Group",google_flights,
2026-10-02T14:18:14.253Z,BUE_MIA,copa,2026-10-20,18,597,USD,3:48,true,,,google_flights,
2026-10-02T14:18:52.120Z,BUE_MIA,latam,2026-10-20,18,465,USD,2:15,true,,"Latam Airlines Brasil, Latam Airlines Brasil",google_flights,
2026-10-02T14:20:08.670Z,BUE_MIA,copa,2026-10-21,19,597,USD,0:10,true,,,google_flights,
2026-10-02T14:20:48.908Z,BUE_MIA,latam,2026-10-21,19,429,USD,21:00,true,,"Latam Airlines Group, Latam Airlines Group",google_flights,
2026-10-02T14:22:02.495Z,BUE_MIA,copa,2026-10-22,20,597,USD,3:48,true,,,google_flights,
2026-10-02T14:22:41.719Z,BUE_MIA,latam,2026-10-22,20,429,USD,3:55,true,,"Latam Airlines Peru, Latam Airlines Peru",google_flights,
2026-10-02T14:23:44.722Z,BUE_MIA,copa,2026-10-23,21,597,USD,3:48,true,,,google_flights,
2026-10-02T14:24:27.369Z,BUE_MIA,latam,2026-10-23,21,465,USD,2:15,true,,"Latam Airlines Brasil, Latam Airlines Brasil",google_flights,
2026-10-02T14:25:40.531Z,BUE_MIA,copa,2026-10-24,22,597,USD,4:15,true,,,google_flights,
2026-10-02T14:26:19.879Z,BUE_MIA,latam,2026-10-24,22,550,USD,2:15,true,,"Latam Airlines Brasil, Latam Airlines Brasil",google_flights,
2026-10-02T14:27:23.950Z,BUE_MIA,copa,2026-10-25,23,,USD,,true,,,google_flights,Copa no tiene vuelos con precio en la lista de Google Flights (con 1 escala)
2026-10-02T14:27:23.950Z,BUE_MIA,latam,2026-10-25,23,629,USD,21:45,true,,"Latam Airlines Brasil, Latam Airlines Brasil",google_flights,
2026-10-02T14:28:22.154Z,BUE_MIA,copa,2026-10-26,24,,USD,,true,,,google_flights,Copa no tiene vuelos con precio en la lista de Google Flights (con 1 escala)
2026-10-02T14:28:22.154Z,BUE_MIA,latam,2026-10-26,24,523,USD,22:30,true,,"Latam Airlines Group, Latam Airlines Group",google_flights,
2026-10-02T14:29:23.760Z,BUE_MIA,copa,2026-10-27,25,,USD,,true,,,google_flights,Copa no tiene vuelos con precio en la lista de Google Flights (con 1 escala)
2026-10-02T14:29:23.760Z,BUE_MIA,latam,2026-10-27,25,447,USD,20:05,true,,"Latam Airlines Peru, Latam Airlines Peru",google_flights,
2026-10-02T14:30:19.811Z,BUE_MIA,copa,2026-10-28,26,,USD,,true,,,google_flights,Copa no tiene vuelos con precio en la lista de Google Flights (con 1 escala)
2026-10-02T14:30:19.811Z,BUE_MIA,latam,2026-10-28,26,484,USD,8:40,true,,"Latam Airlines Peru, Latam Airlines Peru",google_flights,
2026-10-02T14:31:22.614Z,BUE_MIA,copa,2026-10-29,27,,USD,,true,,,google_flights,Copa no tiene vuelos con precio en la lista de Google Flights (con 1 escala)
2026-10-02T14:31:22.615Z,BUE_MIA,latam,2026-10-29,27,,USD,,true,,,google_flights,"LATAM no aparece como vendedor en sus 2 vuelo(s) más barato(s) (vendían: Delta, Travomint)"
2026-10-02T14:32:19.699Z,BUE_MIA,copa,2026-10-30,28,,USD,,true,,,google_flights,Copa no tiene vuelos con precio en la lista de Google Flights (con 1 escala)
2026-10-02T14:32:19.700Z,BUE_MIA,latam,2026-10-30,28,719,USD,2:05,true,,"Latam Airlines Brasil, Latam Airlines Brasil",google_flights,
2026-10-02T14:33:22.529Z,BUE_MIA,copa,2026-10-31,29,,USD,,true,,,google_flights,Copa no tiene vuelos con precio en la lista de Google Flights (con 1 escala)
2026-10-02T14:33:22.530Z,BUE_MIA,latam,2026-10-31,29,596,USD,20:05,true,,"Latam Airlines Peru, Latam Airlines Peru",google_flights,
2026-10-02T14:34:21.919Z,BUE_MIA,copa,2026-11-01,30,,USD,,true,,,google_flights,Copa no tiene vuelos con precio en la lista de Google Flights (con 1 escala)
2026-10-02T14:34:21.919Z,BUE_MIA,latam,2026-11-01,30,595,USD,2:05,true,,"Latam Airlines Brasil, Latam Airlines Brasil",google_flights,
2026-10-02T14:35:25.585Z,BUE_MIA,copa,2026-12-01,60,632,USD,3:40,true,,,google_flights,
2026-10-02T14:36:04.535Z,BUE_MIA,latam,2026-12-01,60,485,USD,7:20,true,,"Latam Airlines Peru, Latam Airlines Peru",google_flights,
2026-10-02T14:37:11.740Z,MIA_BUE,copa,2026-10-03,1,745,USD,12:25,true,,,google_flights,
2026-10-02T14:37:55.695Z,MIA_BUE,latam,2026-10-03,1,682,USD,16:55,true,,"Latam Airlines Peru, Latam Airlines Peru",google_flights,
2026-10-02T14:39:13.714Z,MIA_BUE,copa,2026-10-04,2,745,USD,18:31,true,,,google_flights,
2026-10-02T14:39:55.886Z,MIA_BUE,latam,2026-10-04,2,656,USD,19:40,true,,"Latam Airlines Brasil, Latam Airlines Brasil",google_flights,
2026-10-02T14:41:19.404Z,MIA_BUE,copa,2026-10-05,3,697,USD,6:01,true,,,google_flights,
2026-10-02T14:42:07.261Z,MIA_BUE,latam,2026-10-05,3,676,USD,16:55,true,,"Latam Airlines Peru, Latam Airlines Peru",google_flights,
2026-10-02T14:43:22.308Z,MIA_BUE,copa,2026-10-06,4,697,USD,5:57,true,,,google_flights,
2026-10-02T14:44:02.164Z,MIA_BUE,latam,2026-10-06,4,696,USD,0:15,true,,"Latam Airlines Peru, Latam Airlines Peru",google_flights,
2026-10-02T14:45:25.178Z,MIA_BUE,copa,2026-10-07,5,697,USD,5:57,true,,,google_flights,
2026-10-02T14:46:01.509Z,MIA_BUE,latam,2026-10-07,5,651,USD,10:50,true,,"Latam Airlines Brasil, Latam Airlines Brasil",google_flights,
2026-10-02T14:47:20.381Z,MIA_BUE,copa,2026-10-08,6,697,USD,14:01,true,,,google_flights,
2026-10-02T14:47:56.607Z,MIA_BUE,latam,2026-10-08,6,658,USD,10:50,true,,"Latam Airlines Brasil, Latam Airlines Brasil",google_flights,
2026-10-02T14:49:16.812Z,MIA_BUE,copa,2026-10-09,7,380,USD,14:01,true,,,google_flights,
2026-10-02T14:49:56.985Z,MIA_BUE,latam,2026-10-09,7,,USD,,true,,,google_flights,"LATAM no aparece como vendedor en sus 2 vuelo(s) más barato(s) (vendían: Delta, FlightHub, OneTravel, Justfly.com, Ovago)"
2026-10-02T14:51:15.732Z,MIA_BUE,copa,2026-10-10,8,408,USD,12:25,true,,,google_flights,
2026-10-02T14:52:06.102Z,MIA_BUE,latam,2026-10-10,8,,USD,,true,,,google_flights,"LATAM no aparece como vendedor en sus 2 vuelo(s) más barato(s) (vendían: Delta, FlightHub, OneTravel, Justfly.com, Ovago)"
2026-10-02T14:53:25.183Z,MIA_BUE,copa,2026-10-11,9,,USD,,true,,,google_flights,"Copa no aparece como vendedor en sus 2 vuelo(s) más barato(s) (vendían: AranGrant, Ovago)"
2026-10-02T14:54:04.566Z,MIA_BUE,latam,2026-10-11,9,474,USD,19:40,true,,"Latam Airlines Brasil, Latam Airlines Brasil",google_flights,
2026-10-02T14:55:17.643Z,MIA_BUE,copa,2026-10-12,10,697,USD,17:14,true,,,google_flights,
2026-10-02T14:55:55.188Z,MIA_BUE,latam,2026-10-12,10,656,USD,10:50,true,,"Latam Airlines Brasil, Latam Airlines Brasil",google_flights,
2026-10-02T14:57:12.454Z,MIA_BUE,copa,2026-10-13,11,697,USD,14:01,true,,,google_flights,
2026-10-02T14:57:53.623Z,MIA_BUE,latam,2026-10-13,11,544,USD,16:55,true,,"Latam Airlines Peru, Latam Airlines Peru",google_flights,
2026-10-02T14:59:06.800Z,MIA_BUE,copa,2026-10-14,12,697,USD,14:01,true,,,google_flights,
2026-10-02T14:59:49.312Z,MIA_BUE,latam,2026-10-14,12,562,USD,10:50,true,,"Latam Airlines Brasil, Latam Airlines Brasil",google_flights,
2026-10-02T15:01:08.005Z,MIA_BUE,copa,2026-10-15,13,,USD,,true,,,google_flights,"Copa no aparece como vendedor en sus 2 vuelo(s) más barato(s) (vendían: AranGrant, Ovago)"
2026-10-02T15:01:46.469Z,MIA_BUE,latam,2026-10-15,13,474,USD,10:50,true,,"Latam Airlines Brasil, Latam Airlines Brasil",google_flights,
2026-10-02T15:03:07.775Z,MIA_BUE,copa,2026-10-16,14,745,USD,6:21,true,,,google_flights,
2026-10-02T15:03:47.207Z,MIA_BUE,latam,2026-10-16,14,,USD,,true,,,google_flights,"LATAM no aparece como vendedor en sus 2 vuelo(s) más barato(s) (vendían: Delta, FlightHub, OneTravel, Justfly.com, Ovago)"
2026-10-02T15:04:50.243Z,MIA_BUE,copa,2026-10-17,15,745,USD,5:57,true,,,google_flights,
2026-10-02T15:05:27.746Z,MIA_BUE,latam,2026-10-17,15,714,USD,16:55,true,,"Latam Airlines Peru, Latam Airlines Peru",google_flights,
2026-10-02T15:06:50.569Z,MIA_BUE,copa,2026-10-18,16,,USD,,true,,,google_flights,"Copa no aparece como vendedor en sus 2 vuelo(s) más barato(s) (vendían: AranGrant, Ovago, United)"
2026-10-02T15:07:30.784Z,MIA_BUE,latam,2026-10-18,16,657,USD,16:55,true,,"Latam Airlines Peru, Latam Airlines Peru",google_flights,
2026-10-02T15:08:52.316Z,MIA_BUE,copa,2026-10-19,17,,USD,,true,,,google_flights,"Copa no aparece como vendedor en sus 2 vuelo(s) más barato(s) (vendían: AranGrant, Ovago)"
2026-10-02T15:09:41.922Z,MIA_BUE,latam,2026-10-19,17,394,USD,10:50,true,,"Latam Airlines Brasil, Latam Airlines Brasil",google_flights,
2026-10-02T15:10:52.473Z,MIA_BUE,copa,2026-10-20,18,380,USD,15:11,true,,,google_flights,
2026-10-02T15:11:43.087Z,MIA_BUE,latam,2026-10-20,18,429,USD,19:40,true,,"Latam Airlines Brasil, Latam Airlines Brasil",google_flights,
2026-10-02T15:12:57.027Z,MIA_BUE,copa,2026-10-21,19,380,USD,14:01,true,,,google_flights,
2026-10-02T15:13:40.518Z,MIA_BUE,latam,2026-10-21,19,433,USD,19:40,true,,"Latam Airlines Brasil, Latam Airlines Brasil",google_flights,
2026-10-02T15:14:57.039Z,MIA_BUE,copa,2026-10-22,20,380,USD,14:01,true,,,google_flights,
2026-10-02T15:15:40.016Z,MIA_BUE,latam,2026-10-22,20,,USD,,true,,,google_flights,"LATAM no aparece como vendedor en sus 2 vuelo(s) más barato(s) (vendían: Delta, FlightHub, OneTravel, Justfly.com, Ovago)"
2026-10-02T15:16:52.819Z,MIA_BUE,copa,2026-10-23,21,380,USD,14:01,true,,,google_flights,
2026-10-02T15:17:33.747Z,MIA_BUE,latam,2026-10-23,21,,USD,,true,,,google_flights,"LATAM no aparece como vendedor en sus 2 vuelo(s) más barato(s) (vendían: Delta, FlightHub, OneTravel, Justfly.com, Ovago)"
2026-10-02T15:18:59.385Z,MIA_BUE,copa,2026-10-24,22,,USD,,true,,,google_flights,"Copa no aparece como vendedor en sus 2 vuelo(s) más barato(s) (vendían: AranGrant, Ovago)"
2026-10-02T15:19:35.025Z,MIA_BUE,latam,2026-10-24,22,474,USD,16:55,true,,"Latam Airlines Peru, Latam Airlines Peru",google_flights,
2026-10-02T15:20:57.870Z,MIA_BUE,copa,2026-10-25,23,408,USD,8:31,true,,,google_flights,
2026-10-02T15:21:38.324Z,MIA_BUE,latam,2026-10-25,23,551,USD,20:10,true,,"Latam Airlines Group, Latam Airlines Group",google_flights,
2026-10-02T15:22:56.100Z,MIA_BUE,copa,2026-10-26,24,697,USD,5:40,true,,,google_flights,
2026-10-02T15:23:30.172Z,MIA_BUE,latam,2026-10-26,24,544,USD,20:10,true,,"Latam Airlines Brasil, Latam Airlines Brasil",google_flights,
2026-10-02T15:24:48.014Z,MIA_BUE,copa,2026-10-27,25,380,USD,13:56,true,,,google_flights,
2026-10-02T15:25:34.202Z,MIA_BUE,latam,2026-10-27,25,379,USD,0:10,true,,"Latam Airlines Peru, Latam Airlines Peru",google_flights,
2026-10-02T15:26:49.944Z,MIA_BUE,copa,2026-10-28,26,408,USD,8:31,true,,,google_flights,
2026-10-02T15:27:31.215Z,MIA_BUE,latam,2026-10-28,26,379,USD,17:05,true,,"Latam Airlines Peru, Latam Airlines Peru",google_flights,
2026-10-02T15:28:41.970Z,MIA_BUE,copa,2026-10-29,27,473,USD,8:31,true,,,google_flights,
2026-10-02T15:29:18.858Z,MIA_BUE,latam,2026-10-29,27,614,USD,0:10,true,,"Latam Airlines Peru, Latam Airlines Peru",google_flights,
2026-10-02T15:30:31.465Z,MIA_BUE,copa,2026-10-30,28,697,USD,15:05,true,,,google_flights,
2026-10-02T15:31:15.501Z,MIA_BUE,latam,2026-10-30,28,614,USD,23:30,true,,"Latam Airlines Brasil, Latam Airlines Brasil",google_flights,
2026-10-02T15:32:35.705Z,MIA_BUE,copa,2026-10-31,29,408,USD,5:40,true,,,google_flights,
2026-10-02T15:33:27.882Z,MIA_BUE,latam,2026-10-31,29,614,USD,0:10,true,,"Latam Airlines Peru, Latam Airlines Peru",google_flights,
2026-10-02T15:34:50.395Z,MIA_BUE,copa,2026-11-01,30,473,USD,7:31,true,,,google_flights,
2026-10-02T15:35:41.880Z,MIA_BUE,latam,2026-11-01,30,614,USD,22:30,true,,"Latam Airlines Brasil, Latam Airlines Brasil",google_flights,
2026-10-02T15:37:06.077Z,MIA_BUE,copa,2026-12-01,60,473,USD,12:44,true,,,google_flights,
2026-10-02T15:37:51.220Z,MIA_BUE,latam,2026-12-01,60,270,USD,18:40,true,,"Latam Airlines Group, Latam Airlines Group",google_flights,
2026-10-03T12:24:52.570Z,BUE_MIA,copa,2026-10-04,1,,USD,,true,,,google_flights,Copa no tiene vuelos con precio en la lista de Google Flights (con 1 escala)
2026-10-03T12:24:52.570Z,BUE_MIA,latam,2026-10-04,1,,USD,,true,,,google_flights,LATAM no tiene vuelos con precio en la lista de Google Flights (con 1 escala)
2026-10-03T12:25:10.088Z,BUE_MIA,copa,2026-10-05,2,643,USD,3:50,true,,,google_flights,
2026-10-03T12:25:53.777Z,BUE_MIA,latam,2026-10-05,2,484,USD,20:05,true,,"Latam Airlines Peru, Latam Airlines Peru",google_flights,
2026-10-03T12:27:02.401Z,BUE_MIA,copa,2026-10-06,3,643,USD,3:48,true,,,google_flights,
2026-10-03T12:27:45.188Z,BUE_MIA,latam,2026-10-06,3,484,USD,3:55,true,,"Latam Airlines Peru, Latam Airlines Peru",google_flights,
2026-10-03T12:28:53.261Z,BUE_MIA,copa,2026-10-07,4,643,USD,3:48,true,,,google_flights,
2026-10-03T12:29:32.116Z,BUE_MIA,latam,2026-10-07,4,646,USD,16:45,true,,"Latam Airlines Brasil, Latam Airlines Brasil",google_flights,
2026-10-03T12:30:40.610Z,BUE_MIA,copa,2026-10-08,5,,USD,,true,,,google_flights,Copa no tiene vuelos con precio en la lista de Google Flights (con 1 escala)
2026-10-03T12:30:40.610Z,BUE_MIA,latam,2026-10-08,5,,USD,,true,,,google_flights,LATAM no tiene vuelos con precio en la lista de Google Flights (con 1 escala)
2026-10-03T12:30:56.739Z,BUE_MIA,copa,2026-10-09,6,643,USD,14:49,true,,,google_flights,
2026-10-03T12:31:32.676Z,BUE_MIA,latam,2026-10-09,6,,USD,,true,,,google_flights,"LATAM no aparece como vendedor en sus 2 vuelo(s) más barato(s) (vendían: Delta, Travomint)"
2026-10-03T12:33:03.981Z,BUE_MIA,copa,2026-10-10,7,636,USD,5:25,true,,,google_flights,1 de 2 página(s) de reserva fallaron: el vuelo ya no aparece en la lista al volver a la búsqueda
2026-10-03T12:34:06.675Z,BUE_MIA,latam,2026-10-10,7,,USD,,false,no cargó ninguna página de reserva: el vuelo ya no aparece en la lista al volver a la búsqueda,,google_flights,
2026-10-03T12:34:39.703Z,BUE_MIA,copa,2026-10-11,8,636,USD,5:25,true,,,google_flights,
2026-10-03T12:35:12.141Z,BUE_MIA,latam,2026-10-11,8,719,USD,21:00,true,,"Latam Airlines Group, Latam Airlines Group",google_flights,
2026-10-03T12:36:22.316Z,BUE_MIA,copa,2026-10-12,9,597,USD,14:49,true,,,google_flights,
2026-10-03T12:37:17.969Z,BUE_MIA,latam,2026-10-12,9,,USD,,true,,,google_flights,"LATAM no aparece como vendedor en sus 2 vuelo(s) más barato(s) (vendían: Delta, Travomint)"
2026-10-03T12:38:34.920Z,BUE_MIA,copa,2026-10-13,10,597,USD,3:48,true,,,google_flights,
2026-10-03T12:39:17.086Z,BUE_MIA,latam,2026-10-13,10,484,USD,12:15,true,,"Latam Airlines Group, Latam Airlines Group",google_flights,
2026-10-03T12:40:22.841Z,BUE_MIA,copa,2026-10-14,11,597,USD,0:10,true,,,google_flights,
2026-10-03T12:41:01.228Z,BUE_MIA,latam,2026-10-14,11,646,USD,2:15,true,,"Latam Airlines Brasil, Latam Airlines Brasil",google_flights,
2026-10-03T12:42:10.113Z,BUE_MIA,copa,2026-10-15,12,597,USD,14:49,true,,,google_flights,
2026-10-03T12:42:50.731Z,BUE_MIA,latam,2026-10-15,12,576,USD,18:20,true,,"Latam Airlines Brasil, Latam Airlines Brasil",google_flights,
2026-10-03T12:43:52.400Z,BUE_MIA,copa,2026-10-16,13,597,USD,8:59,true,,,google_flights,
2026-10-03T12:44:32.137Z,BUE_MIA,latam,2026-10-16,13,485,USD,21:45,true,,"Latam Airlines Brasil, Latam Airlines Brasil",google_flights,
2026-10-03T12:45:43.851Z,BUE_MIA,copa,2026-10-17,14,636,USD,0:10,true,,,google_flights,
2026-10-03T12:46:18.707Z,BUE_MIA,latam,2026-10-17,14,484,USD,21:45,true,,"Latam Airlines Brasil, Latam Airlines Brasil",google_flights,
2026-10-03T12:47:26.145Z,BUE_MIA,copa,2026-10-18,15,597,USD,4:15,true,,,google_flights,
2026-10-03T12:48:04.260Z,BUE_MIA,latam,2026-10-18,15,459,USD,16:45,true,,"Latam Airlines Brasil, Latam Airlines Brasil",google_flights,
2026-10-03T12:49:12.628Z,BUE_MIA,copa,2026-10-19,16,597,USD,3:48,true,,,google_flights,
2026-10-03T12:49:46.784Z,BUE_MIA,latam,2026-10-19,16,,USD,,true,,,google_flights,"LATAM no aparece como vendedor en sus 2 vuelo(s) más barato(s) (vendían: Delta, Travomint)"
2026-10-03T12:50:52.081Z,BUE_MIA,copa,2026-10-20,17,597,USD,3:48,true,,,google_flights,
2026-10-03T12:51:30.756Z,BUE_MIA,latam,2026-10-20,17,447,USD,2:15,true,,"Latam Airlines Brasil, Latam Airlines Brasil",google_flights,
2026-10-03T12:52:38.039Z,BUE_MIA,copa,2026-10-21,18,597,USD,0:10,true,,,google_flights,
2026-10-03T12:53:20.350Z,BUE_MIA,latam,2026-10-21,18,429,USD,21:00,true,,"Latam Airlines Group, Latam Airlines Group",google_flights,
2026-10-03T12:54:28.997Z,BUE_MIA,copa,2026-10-22,19,597,USD,3:48,true,,,google_flights,
2026-10-03T12:55:07.876Z,BUE_MIA,latam,2026-10-22,19,429,USD,3:55,true,,"Latam Airlines Peru, Latam Airlines Peru",google_flights,
2026-10-03T12:56:19.753Z,BUE_MIA,copa,2026-10-23,20,597,USD,3:48,true,,,google_flights,
2026-10-03T12:57:00.596Z,BUE_MIA,latam,2026-10-23,20,465,USD,2:15,true,,"Latam Airlines Brasil, Latam Airlines Brasil",google_flights,
2026-10-03T12:58:18.443Z,BUE_MIA,copa,2026-10-24,21,597,USD,4:15,true,,,google_flights,
2026-10-03T12:58:58.343Z,BUE_MIA,latam,2026-10-24,21,552,USD,2:15,true,,"Latam Airlines Brasil, Latam Airlines Brasil",google_flights,
2026-10-03T13:00:13.228Z,BUE_MIA,copa,2026-10-25,22,,USD,,true,,,google_flights,Copa no tiene vuelos con precio en la lista de Google Flights (con 1 escala)
2026-10-03T13:00:13.228Z,BUE_MIA,latam,2026-10-25,22,660,USD,21:45,true,,"Latam Airlines Brasil, Latam Airlines Brasil",google_flights,
2026-10-03T13:01:05.742Z,BUE_MIA,copa,2026-10-26,23,,USD,,true,,,google_flights,Copa no tiene vuelos con precio en la lista de Google Flights (con 1 escala)
2026-10-03T13:01:05.742Z,BUE_MIA,latam,2026-10-26,23,429,USD,19:35,true,,"Latam Airlines Group, Latam Airlines Group",google_flights,
2026-10-03T13:02:39.766Z,BUE_MIA,copa,2026-10-27,24,,USD,,true,,,google_flights,Copa no tiene vuelos con precio en la lista de Google Flights (con 1 escala)
2026-10-03T13:02:39.766Z,BUE_MIA,latam,2026-10-27,24,,USD,,true,,,google_flights,LATAM no tiene vuelos con precio en la lista de Google Flights (con 1 escala)
2026-10-03T13:02:59.960Z,BUE_MIA,copa,2026-10-28,25,,USD,,true,,,google_flights,Copa no tiene vuelos con precio en la lista de Google Flights (con 1 escala)
2026-10-03T13:02:59.960Z,BUE_MIA,latam,2026-10-28,25,485,USD,8:40,true,,"Latam Airlines Peru, Latam Airlines Peru",google_flights,
2026-10-03T13:03:59.700Z,BUE_MIA,copa,2026-10-29,26,,USD,,true,,,google_flights,Copa no tiene vuelos con precio en la lista de Google Flights (con 1 escala)
2026-10-03T13:03:59.700Z,BUE_MIA,latam,2026-10-29,26,601,USD,2:05,true,,"Latam Airlines Brasil, Latam Airlines Brasil",google_flights,
2026-10-03T13:05:11.683Z,BUE_MIA,copa,2026-10-30,27,,USD,,true,,,google_flights,Copa no tiene vuelos con precio en la lista de Google Flights (con 1 escala)
2026-10-03T13:05:11.683Z,BUE_MIA,latam,2026-10-30,27,623,USD,2:05,true,,"Latam Airlines Brasil, Latam Airlines Brasil",google_flights,
2026-10-03T13:06:25.246Z,BUE_MIA,copa,2026-10-31,28,,USD,,true,,,google_flights,Copa no tiene vuelos con precio en la lista de Google Flights (con 1 escala)
2026-10-03T13:06:25.246Z,BUE_MIA,latam,2026-10-31,28,651,USD,20:05,true,,"Latam Airlines Peru, Latam Airlines Peru",google_flights,
2026-10-03T13:07:24.050Z,BUE_MIA,copa,2026-11-01,29,,USD,,true,,,google_flights,Copa no tiene vuelos con precio en la lista de Google Flights (con 1 escala)
2026-10-03T13:07:24.050Z,BUE_MIA,latam,2026-11-01,29,595,USD,2:05,true,,"Latam Airlines Brasil, Latam Airlines Brasil",google_flights,
2026-10-03T13:08:20.331Z,BUE_MIA,copa,2026-11-02,30,,USD,,true,,,google_flights,Copa no tiene vuelos con precio en la lista de Google Flights (con 1 escala)
2026-10-03T13:08:20.331Z,BUE_MIA,latam,2026-11-02,30,485,USD,20:05,true,,"Latam Airlines Peru, Latam Airlines Peru",google_flights,
2026-10-03T13:09:26.414Z,BUE_MIA,copa,2026-12-02,60,631,USD,0:05,true,,,google_flights,
2026-10-03T13:10:06.535Z,BUE_MIA,latam,2026-12-02,60,484,USD,8:40,true,,"Latam Airlines Peru, Latam Airlines Peru",google_flights,
2026-10-03T13:11:19.568Z,MIA_BUE,copa,2026-10-04,1,,USD,,true,,,google_flights,"Copa no aparece como vendedor en sus 2 vuelo(s) más barato(s) (vendían: AranGrant, Ovago)"
2026-10-03T13:12:16.359Z,MIA_BUE,latam,2026-10-04,1,667,USD,19:40,true,,"Latam Airlines Brasil, Latam Airlines Brasil",google_flights,
2026-10-03T13:13:40.128Z,MIA_BUE,copa,2026-10-05,2,697,USD,6:01,true,,,google_flights,
2026-10-03T13:14:19.703Z,MIA_BUE,latam,2026-10-05,2,676,USD,16:55,true,,"Latam Airlines Peru, Latam Airlines Peru",google_flights,
2026-10-03T13:15:35.317Z,MIA_BUE,copa,2026-10-06,3,697,USD,6:21,true,,,google_flights,
2026-10-03T13:16:15.280Z,MIA_BUE,latam,2026-10-06,3,696,USD,17:10,true,,"Latam Airlines Peru, Latam Airlines Peru",google_flights,
2026-10-03T13:17:38.024Z,MIA_BUE,copa,2026-10-07,4,697,USD,14:01,true,,,google_flights,
2026-10-03T13:18:28.795Z,MIA_BUE,latam,2026-10-07,4,653,USD,10:50,true,,"Latam Airlines Brasil, Latam Airlines Brasil",google_flights,
2026-10-03T13:19:54.620Z,MIA_BUE,copa,2026-10-08,5,697,USD,5:57,true,,,google_flights,
2026-10-03T13:20:48.900Z,MIA_BUE,latam,2026-10-08,5,682,USD,19:40,true,,"Latam Airlines Brasil, Latam Airlines Brasil",google_flights,
2026-10-03T13:22:31.220Z,MIA_BUE,copa,2026-10-09,6,697,USD,14:01,true,,,google_flights,
2026-10-03T13:23:19.414Z,MIA_BUE,latam,2026-10-09,6,676,USD,0:15,true,,"Latam Airlines Peru, Latam Airlines Peru",google_flights,
2026-10-03T13:24:32.520Z,MIA_BUE,copa,2026-10-10,7,408,USD,12:25,true,,,google_flights,
2026-10-03T13:25:12.206Z,MIA_BUE,latam,2026-10-10,7,,USD,,true,,,google_flights,"LATAM no aparece como vendedor en sus 2 vuelo(s) más barato(s) (vendían: Delta, FlightHub, OneTravel, Justfly.com, Ovago)"
2026-10-03T13:26:26.717Z,MIA_BUE,copa,2026-10-11,8,745,USD,12:25,true,,,google_flights,
2026-10-03T13:27:08.172Z,MIA_BUE,latam,2026-10-11,8,,USD,,true,,,google_flights,"LATAM no aparece como vendedor en sus 2 vuelo(s) más barato(s) (vendían: Delta, FlightHub, OneTravel, Justfly.com, Ovago)"
2026-10-03T13:28:20.871Z,MIA_BUE,copa,2026-10-12,9,697,USD,14:01,true,,,google_flights,
2026-10-03T13:29:03.779Z,MIA_BUE,latam,2026-10-12,9,673,USD,10:50,true,,"Latam Airlines Brasil, Latam Airlines Brasil",google_flights,
2026-10-03T13:30:21.139Z,MIA_BUE,copa,2026-10-13,10,697,USD,14:01,true,,,google_flights,
2026-10-03T13:31:09.568Z,MIA_BUE,latam,2026-10-13,10,544,USD,16:55,true,,"Latam Airlines Peru, Latam Airlines Peru",google_flights,
2026-10-03T13:32:22.982Z,MIA_BUE,copa,2026-10-14,11,697,USD,14:01,true,,,google_flights,
2026-10-03T13:33:01.149Z,MIA_BUE,latam,2026-10-14,11,554,USD,10:50,true,,"Latam Airlines Brasil, Latam Airlines Brasil",google_flights,
2026-10-03T13:34:13.992Z,MIA_BUE,copa,2026-10-15,12,760,USD,17:14,true,,,google_flights,
2026-10-03T13:34:56.556Z,MIA_BUE,latam,2026-10-15,12,464,USD,10:50,true,,"Latam Airlines Brasil, Latam Airlines Brasil",google_flights,
2026-10-03T13:36:12.549Z,MIA_BUE,copa,2026-10-16,13,760,USD,6:21,true,,,google_flights,
2026-10-03T13:36:52.123Z,MIA_BUE,latam,2026-10-16,13,456,USD,19:40,true,,"Latam Airlines Brasil, Latam Airlines Brasil",google_flights,
2026-10-03T13:38:04.511Z,MIA_BUE,copa,2026-10-17,14,745,USD,14:01,true,,,google_flights,
2026-10-03T13:39:12.176Z,MIA_BUE,latam,2026-10-17,14,,USD,,true,,,google_flights,"LATAM no aparece como vendedor en sus 2 vuelo(s) más barato(s) (vendían: Delta, AranGrant, FlightHub, OneTravel, Justfly.com)"
2026-10-03T13:40:41.371Z,MIA_BUE,copa,2026-10-18,15,,USD,,true,,,google_flights,Copa no tiene vuelos con precio en la lista de Google Flights (con 1 escala)
2026-10-03T13:40:41.371Z,MIA_BUE,latam,2026-10-18,15,,USD,,true,,,google_flights,LATAM no tiene vuelos con precio en la lista de Google Flights (con 1 escala)
2026-10-03T13:41:10.670Z,MIA_BUE,copa,2026-10-19,16,,USD,,true,,,google_flights,Copa no tiene vuelos con precio en la lista de Google Flights (con 1 escala)
2026-10-03T13:41:10.670Z,MIA_BUE,latam,2026-10-19,16,,USD,,true,,,google_flights,LATAM no tiene vuelos con precio en la lista de Google Flights (con 1 escala)
2026-10-03T13:41:29.757Z,MIA_BUE,copa,2026-10-20,17,380,USD,15:11,true,,,google_flights,
2026-10-03T13:42:14.622Z,MIA_BUE,latam,2026-10-20,17,438,USD,19:40,true,,"Latam Airlines Brasil, Latam Airlines Brasil",google_flights,
2026-10-03T13:43:27.617Z,MIA_BUE,copa,2026-10-21,18,380,USD,14:01,true,,,google_flights,
2026-10-03T13:44:10.573Z,MIA_BUE,latam,2026-10-21,18,437,USD,19:40,true,,"Latam Airlines Brasil, Latam Airlines Brasil",google_flights,
2026-10-03T13:45:33.452Z,MIA_BUE,copa,2026-10-22,19,380,USD,14:01,true,,,google_flights,
2026-10-03T13:46:14.892Z,MIA_BUE,latam,2026-10-22,19,474,USD,17:10,true,,"Latam Airlines Peru, Latam Airlines Peru",google_flights,
2026-10-03T13:47:31.674Z,MIA_BUE,copa,2026-10-23,20,380,USD,14:01,true,,,google_flights,
2026-10-03T13:48:19.420Z,MIA_BUE,latam,2026-10-23,20,,USD,,true,,,google_flights,"LATAM no aparece como vendedor en sus 2 vuelo(s) más barato(s) (vendían: Delta, FlightHub, OneTravel, Justfly.com, Ovago)"
2026-10-03T13:49:46.516Z,MIA_BUE,copa,2026-10-24,21,,USD,,true,,,google_flights,"Copa no aparece como vendedor en sus 2 vuelo(s) más barato(s) (vendían: AranGrant, Ovago)"
2026-10-03T13:50:29.026Z,MIA_BUE,latam,2026-10-24,21,544,USD,16:55,true,,"Latam Airlines Peru, Latam Airlines Peru",google_flights,
2026-10-03T13:51:35.452Z,MIA_BUE,copa,2026-10-25,22,408,USD,5:40,true,,,google_flights,
2026-10-03T13:52:16.534Z,MIA_BUE,latam,2026-10-25,22,544,USD,20:10,true,,"Latam Airlines Group, Latam Airlines Group",google_flights,
2026-10-03T13:53:41.165Z,MIA_BUE,copa,2026-10-26,23,697,USD,18:23,true,,,google_flights,
2026-10-03T13:54:23.210Z,MIA_BUE,latam,2026-10-26,23,544,USD,20:10,true,,"Latam Airlines Brasil, Latam Airlines Brasil",google_flights,
2026-10-03T13:55:33.059Z,MIA_BUE,copa,2026-10-27,24,380,USD,15:05,true,,,google_flights,
2026-10-03T13:56:10.637Z,MIA_BUE,latam,2026-10-27,24,352,USD,0:10,true,,"Latam Airlines Peru, Latam Airlines Peru",google_flights,
2026-10-03T13:57:56.865Z,MIA_BUE,copa,2026-10-28,25,408,USD,12:25,true,,,google_flights,
2026-10-03T13:58:39.161Z,MIA_BUE,latam,2026-10-28,25,389,USD,0:10,true,,"Latam Airlines Peru, Latam Airlines Peru",google_flights,
2026-10-03T14:00:05.225Z,MIA_BUE,copa,2026-10-29,26,697,USD,13:56,true,,,google_flights,
2026-10-03T14:00:44.915Z,MIA_BUE,latam,2026-10-29,26,614,USD,0:10,true,,"Latam Airlines Peru, Latam Airlines Peru",google_flights,
2026-10-03T14:02:01.520Z,MIA_BUE,copa,2026-10-30,27,,USD,,true,,,google_flights,"Copa no aparece como vendedor en sus 2 vuelo(s) más barato(s) (vendían: AranGrant, Ovago)"
2026-10-03T14:02:43.527Z,MIA_BUE,latam,2026-10-30,27,614,USD,23:30,true,,"Latam Airlines Brasil, Latam Airlines Brasil",google_flights,
2026-10-03T14:03:58.132Z,MIA_BUE,copa,2026-10-31,28,408,USD,5:40,true,,,google_flights,
2026-10-03T14:04:45.893Z,MIA_BUE,latam,2026-10-31,28,614,USD,0:10,true,,"Latam Airlines Peru, Latam Airlines Peru",google_flights,
2026-10-03T14:06:03.829Z,MIA_BUE,copa,2026-11-01,29,,USD,,true,,,google_flights,"Copa no aparece como vendedor en sus 2 vuelo(s) más barato(s) (vendían: AranGrant, Ovago)"
2026-10-03T14:06:51.048Z,MIA_BUE,latam,2026-11-01,29,714,USD,16:45,true,,"Latam Airlines Peru, Latam Airlines Peru",google_flights,
2026-10-03T14:08:08.882Z,MIA_BUE,copa,2026-11-02,30,745,USD,11:21,true,,,google_flights,
2026-10-03T14:08:55.167Z,MIA_BUE,latam,2026-11-02,30,696,USD,16:45,true,,"Latam Airlines Peru, Latam Airlines Peru",google_flights,
2026-10-03T14:10:10.894Z,MIA_BUE,copa,2026-12-02,60,445,USD,4:42,true,,,google_flights,
2026-10-03T14:11:06.531Z,MIA_BUE,latam,2026-12-02,60,270,USD,19:10,true,,"Latam Airlines Group, Latam Airlines Group",google_flights,
